{"credit":"Made with Blockbench","textures":{"0":"magic_store:subpack_farmer_props/farmer_pack_log","particle":"magic_store:subpack_farmer_props/farmer_pack_log"},"elements":[{"from":[-2,0,11],"to":[14,7,18],"rotation":{"angle":-22.5,"axis":"y","origin":[8,3.5,12.5]},"faces":{"north":{"uv":[0,7,8,10.5],"rotation":180,"texture":"#0"},"east":{"uv":[11.5,0,8,3.5],"rotation":90,"texture":"#0"},"south":{"uv":[0,7,8,3.5],"texture":"#0"},"west":{"uv":[8,0,11.5,3.5],"rotation":270,"texture":"#0"},"up":{"uv":[0,3.5,8,7],"texture":"#0"},"down":{"uv":[8,0,0,3.5],"rotation":180,"texture":"#0"}}},{"from":[4.5,0,-4.5],"to":[11.5,7,11.5],"rotation":{"angle":45,"axis":"y","origin":[8,3.5,3.5]},"faces":{"north":{"uv":[11.5,0,8,3.5],"texture":"#0"},"east":{"uv":[0,3.5,8,7],"texture":"#0"},"south":{"uv":[8,0,11.5,3.5],"texture":"#0"},"west":{"uv":[8,0,0,3.5],"texture":"#0"},"up":{"uv":[8,7,0,10.5],"rotation":270,"texture":"#0"},"down":{"uv":[0,7,8,3.5],"rotation":90,"texture":"#0"}}}],"display":{"thirdperson_righthand":{"rotation":[45,25,0],"translation":[-0.75,1,1],"scale":[0.3,0.3,0.3]},"thirdperson_lefthand":{"rotation":[45,25,0],"translation":[-0.75,1,1],"scale":[0.3,0.3,0.3]},"firstperson_righthand":{"rotation":[0,14,0],"translation":[2.25,2.5,0],"scale":[0.5,0.5,0.5]},"firstperson_lefthand":{"rotation":[0,14,0],"translation":[2.25,2.5,0],"scale":[0.5,0.5,0.5]},"ground":{"scale":[0.3,0.3,0.3]},"gui":{"rotation":[30,140,0],"translation":[-1,1,0],"scale":[0.55,0.55,0.55]},"head":{"translation":[0,-30.5,0],"scale":[1.6,1.6,1.6]},"fixed":{"rotation":[-90,0,0],"translation":[0,0,-16],"scale":[2,2,2]}}}