{"credit":"Made with Blockbench","textures":{"0":"magic_store:subpack_farmer_props/farmer_pack_fence_1","particle":"magic_store:subpack_farmer_props/farmer_pack_fence_1"},"elements":[{"from":[10.5,0,6.5],"to":[13.5,18,9.5],"rotation":{"angle":0,"axis":"y","origin":[8,8,6.5]},"faces":{"north":{"uv":[0.75,5,1.5,9.5],"texture":"#0"},"east":{"uv":[0.75,5,1.5,9.5],"texture":"#0"},"south":{"uv":[0.75,5,1.5,9.5],"texture":"#0"},"west":{"uv":[0.75,5,1.5,9.5],"texture":"#0"},"up":{"uv":[6.25,3,5.5,2.25],"texture":"#0"},"down":{"uv":[6.25,3,5.5,2.25],"texture":"#0"}}},{"from":[0,12,5.5],"to":[16,16,6.5],"faces":{"north":{"uv":[0,4,4,5],"texture":"#0"},"east":{"uv":[2,5.75,2.25,6.75],"texture":"#0"},"south":{"uv":[4,4,0,5],"texture":"#0"},"west":{"uv":[2.25,5.75,2.5,6.75],"texture":"#0"},"up":{"uv":[9.5,2,5.5,1.75],"texture":"#0"},"down":{"uv":[9.5,2,5.5,2.25],"texture":"#0"}}},{"from":[0,6,5.5],"to":[16,10,6.5],"faces":{"north":{"uv":[0,4,4,5],"texture":"#0"},"east":{"uv":[2,5.75,2.25,6.75],"texture":"#0"},"south":{"uv":[4,4,0,5],"texture":"#0"},"west":{"uv":[2.25,5.75,2.5,6.75],"texture":"#0"},"up":{"uv":[9.5,2,5.5,1.75],"texture":"#0"},"down":{"uv":[9.5,2,5.5,2.25],"texture":"#0"}}},{"from":[2.5,0,6.5],"to":[5.5,18,9.5],"rotation":{"angle":0,"axis":"y","origin":[8,8,6.5]},"faces":{"north":{"uv":[0.75,5,1.5,9.5],"texture":"#0"},"east":{"uv":[0.75,5,1.5,9.5],"texture":"#0"},"south":{"uv":[0.75,5,1.5,9.5],"texture":"#0"},"west":{"uv":[0.75,5,1.5,9.5],"texture":"#0"},"up":{"uv":[6.25,3,5.5,2.25],"texture":"#0"},"down":{"uv":[6.25,3,5.5,2.25],"texture":"#0"}}}],"display":{"thirdperson_righthand":{"rotation":[45,25,0],"translation":[-0.75,1,1],"scale":[0.3,0.3,0.3]},"thirdperson_lefthand":{"rotation":[45,25,0],"translation":[-0.75,1,1],"scale":[0.3,0.3,0.3]},"firstperson_righthand":{"rotation":[0,14,0],"translation":[2.25,2.5,0],"scale":[0.5,0.5,0.5]},"firstperson_lefthand":{"rotation":[0,14,0],"translation":[2.25,2.5,0],"scale":[0.5,0.5,0.5]},"ground":{"scale":[0.3,0.3,0.3]},"gui":{"rotation":[30,140,0],"translation":[0.25,-0.75,0],"scale":[0.65,0.65,0.65]},"head":{"translation":[0,-30.5,0],"scale":[1.6,1.6,1.6]},"fixed":{"rotation":[-90,0,0],"translation":[0,0,-16],"scale":[2,2,2]}}}