{"credit":"Made with Blockbench","texture_size":[64,64],"textures":{"0":"magic_store:subpack_farmer_props/farmer_pack_cart","1":"magic_store:subpack_farmer_props/farmer_pack_cart_top","2":"magic_store:subpack_farmer_props/farmer_pack_cart_hay","particle":"magic_store:subpack_farmer_props/farmer_pack_cart"},"elements":[{"from":[0,6,-0.75],"to":[16,8,19.75],"rotation":{"angle":0,"axis":"y","origin":[8,6,10.375]},"faces":{"north":{"uv":[12,0,8,0.5],"texture":"#0"},"east":{"uv":[5.25,7.75,10.375,8.25],"texture":"#0"},"south":{"uv":[8,0,12,0.5],"texture":"#0"},"west":{"uv":[5.25,7.75,10.375,8.25],"texture":"#0"},"up":{"uv":[4,5.125,0,0],"rotation":180,"texture":"#0"},"down":{"uv":[4,5.125,0,0],"rotation":180,"texture":"#0"}}},{"from":[16.1,0,-2.75],"to":[18.1,10,7.25],"rotation":{"angle":0,"axis":"y","origin":[8,6,10.375]},"faces":{"north":{"uv":[8,1,8.5,3.5],"texture":"#0"},"east":{"uv":[2.5,5.25,5,7.75],"texture":"#0"},"south":{"uv":[8,1,8.5,3.5],"texture":"#0"},"west":{"uv":[2.5,5.25,5,7.75],"texture":"#0"},"up":{"uv":[8,1,8.5,3.5],"rotation":180,"texture":"#0"},"down":{"uv":[8,1,8.5,3.5],"rotation":180,"texture":"#0"}}},{"from":[16.1,10,-2.75],"to":[18.1,0,7.25],"rotation":{"angle":0,"axis":"y","origin":[8,6,10.375]},"faces":{"north":{"uv":[8,1,8.5,3.5],"texture":"#0"},"east":{"uv":[2.5,5.25,5,7.75],"texture":"#0"},"south":{"uv":[8,1,8.5,3.5],"texture":"#0"},"west":{"uv":[2.5,5.25,5,7.75],"texture":"#0"},"up":{"uv":[8,1,8.5,3.5],"rotation":180,"texture":"#0"},"down":{"uv":[8,1,8.5,3.5],"rotation":180,"texture":"#0"}}},{"from":[16.1,0,12.25],"to":[18.1,10,22.25],"rotation":{"angle":0,"axis":"y","origin":[8,6,10.375]},"faces":{"north":{"uv":[8,1,8.5,3.5],"texture":"#0"},"east":{"uv":[2.5,5.25,5,7.75],"texture":"#0"},"south":{"uv":[8,1,8.5,3.5],"texture":"#0"},"west":{"uv":[2.5,5.25,5,7.75],"texture":"#0"},"up":{"uv":[8,1,8.5,3.5],"rotation":180,"texture":"#0"},"down":{"uv":[8,1,8.5,3.5],"rotation":180,"texture":"#0"}}},{"from":[16.1,10,12.25],"to":[18.1,0,22.25],"rotation":{"angle":0,"axis":"y","origin":[8,6,10.375]},"faces":{"north":{"uv":[8,1,8.5,3.5],"texture":"#0"},"east":{"uv":[2.5,5.25,5,7.75],"texture":"#0"},"south":{"uv":[8,1,8.5,3.5],"texture":"#0"},"west":{"uv":[2.5,5.25,5,7.75],"texture":"#0"},"up":{"uv":[8,1,8.5,3.5],"rotation":180,"texture":"#0"},"down":{"uv":[8,1,8.5,3.5],"rotation":180,"texture":"#0"}}},{"from":[-2.1,0,-2.75],"to":[-0.1,10,7.25],"rotation":{"angle":0,"axis":"y","origin":[8,6,10.375]},"faces":{"north":{"uv":[8.5,1,8,3.5],"texture":"#0"},"east":{"uv":[5,5.25,2.5,7.75],"texture":"#0"},"south":{"uv":[8.5,1,8,3.5],"texture":"#0"},"west":{"uv":[5,5.25,2.5,7.75],"texture":"#0"},"up":{"uv":[8.5,1,8,3.5],"rotation":180,"texture":"#0"},"down":{"uv":[8.5,1,8,3.5],"rotation":180,"texture":"#0"}}},{"from":[-2.1,10,-2.75],"to":[-0.1,0,7.25],"rotation":{"angle":0,"axis":"y","origin":[8,6,10.375]},"faces":{"north":{"uv":[8.5,1,8,3.5],"texture":"#0"},"east":{"uv":[5,5.25,2.5,7.75],"texture":"#0"},"south":{"uv":[8.5,1,8,3.5],"texture":"#0"},"west":{"uv":[5,5.25,2.5,7.75],"texture":"#0"},"up":{"uv":[8.5,1,8,3.5],"rotation":180,"texture":"#0"},"down":{"uv":[8.5,1,8,3.5],"rotation":180,"texture":"#0"}}},{"from":[-2.1,0,12.25],"to":[-0.1,10,22.25],"rotation":{"angle":0,"axis":"y","origin":[8,6,10.375]},"faces":{"north":{"uv":[8.5,1,8,3.5],"texture":"#0"},"east":{"uv":[5,5.25,2.5,7.75],"texture":"#0"},"south":{"uv":[8.5,1,8,3.5],"texture":"#0"},"west":{"uv":[5,5.25,2.5,7.75],"texture":"#0"},"up":{"uv":[8.5,1,8,3.5],"rotation":180,"texture":"#0"},"down":{"uv":[8.5,1,8,3.5],"rotation":180,"texture":"#0"}}},{"from":[-2.1,10,12.25],"to":[-0.1,0,22.25],"rotation":{"angle":0,"axis":"y","origin":[8,6,10.375]},"faces":{"north":{"uv":[8.5,1,8,3.5],"texture":"#0"},"east":{"uv":[5,5.25,2.5,7.75],"texture":"#0"},"south":{"uv":[8.5,1,8,3.5],"texture":"#0"},"west":{"uv":[5,5.25,2.5,7.75],"texture":"#0"},"up":{"uv":[8.5,1,8,3.5],"rotation":180,"texture":"#0"},"down":{"uv":[8.5,1,8,3.5],"rotation":180,"texture":"#0"}}},{"from":[11,5.5,-3.75],"to":[14,8.5,0.25],"rotation":{"angle":0,"axis":"y","origin":[8,6,10.375]},"faces":{"north":{"uv":[8.5,9.25,9.25,10],"texture":"#0"},"east":{"uv":[8.5,1.75,9.5,2.5],"texture":"#0"},"south":{"uv":[8.5,9.25,9.25,10],"texture":"#0"},"west":{"uv":[8.5,1.75,9.5,2.5],"texture":"#0"},"up":{"uv":[9.25,3.5,8.5,2.5],"rotation":180,"texture":"#0"},"down":{"uv":[9.25,2.5,8.5,3.5],"rotation":180,"texture":"#0"}}},{"from":[2,5.5,-3.75],"to":[5,8.5,0.25],"rotation":{"angle":0,"axis":"y","origin":[8,6,10.375]},"faces":{"north":{"uv":[8.5,9.25,9.25,10],"texture":"#0"},"east":{"uv":[8.5,1.75,9.5,2.5],"texture":"#0"},"south":{"uv":[8.5,9.25,9.25,10],"texture":"#0"},"west":{"uv":[8.5,1.75,9.5,2.5],"texture":"#0"},"up":{"uv":[9.25,3.5,8.5,2.5],"rotation":180,"texture":"#0"},"down":{"uv":[9.25,2.5,8.5,3.5],"rotation":180,"texture":"#0"}}},{"from":[11.75,6.25,-15.75],"to":[13.25,7.75,-3.75],"rotation":{"angle":0,"axis":"y","origin":[8,6,10.375]},"faces":{"north":{"uv":[4.5,9.5,4.875,9.875],"texture":"#0"},"east":{"uv":[8,4,11,4.375],"texture":"#0"},"south":{"uv":[4.5,9.5,4.875,9.875],"texture":"#0"},"west":{"uv":[11,4,8,4.375],"texture":"#0"},"up":{"uv":[8,4,11,4.375],"rotation":270,"texture":"#0"},"down":{"uv":[8,4,11,4.375],"rotation":270,"texture":"#0"}}},{"from":[2.75,6.25,-15.75],"to":[4.25,7.75,-3.75],"rotation":{"angle":0,"axis":"y","origin":[8,6,10.375]},"faces":{"north":{"uv":[4.5,9.5,4.875,9.875],"texture":"#0"},"east":{"uv":[8,4,11,4.375],"texture":"#0"},"south":{"uv":[4.5,9.5,4.875,9.875],"texture":"#0"},"west":{"uv":[11,4,8,4.375],"texture":"#0"},"up":{"uv":[8,4,11,4.375],"rotation":270,"texture":"#0"},"down":{"uv":[8,4,11,4.375],"rotation":270,"texture":"#0"}}},{"from":[-2.5,4,16.25],"to":[18.5,6,18.25],"rotation":{"angle":0,"axis":"y","origin":[8,6,10.375]},"faces":{"north":{"uv":[0,11.75,5.25,12.25],"texture":"#0"},"east":{"uv":[0,10.75,0.5,11.25],"texture":"#0"},"south":{"uv":[5.25,11.25,0,11.75],"texture":"#0"},"west":{"uv":[0.5,10.75,0,11.25],"texture":"#0"},"up":{"uv":[0,11.25,5.25,11.75],"rotation":180,"texture":"#0"},"down":{"uv":[0,12.25,5.25,11.75],"rotation":180,"texture":"#0"}}},{"from":[-2.5,4,1.25],"to":[18.5,6,3.25],"rotation":{"angle":0,"axis":"y","origin":[8,6,10.375]},"faces":{"north":{"uv":[0,11.75,5.25,12.25],"texture":"#0"},"east":{"uv":[0,10.75,0.5,11.25],"texture":"#0"},"south":{"uv":[5.25,11.25,0,11.75],"texture":"#0"},"west":{"uv":[0.5,10.75,0,11.25],"texture":"#0"},"up":{"uv":[0,11.25,5.25,11.75],"rotation":180,"texture":"#0"},"down":{"uv":[0,12.25,5.25,11.75],"rotation":180,"texture":"#0"}}},{"from":[11.65,6.15,-14.25],"to":[13.35,7.85,-11.25],"rotation":{"angle":0,"axis":"y","origin":[8,6,10.375]},"faces":{"east":{"uv":[4,0,4.75,0.375],"texture":"#0"},"west":{"uv":[4,0,4.75,0.375],"texture":"#0"},"up":{"uv":[4,0.375,4.375,1.125],"rotation":180,"texture":"#0"},"down":{"uv":[4,1.125,4.375,0.375],"rotation":180,"texture":"#0"}}},{"from":[2.65,6.15,-14.25],"to":[4.35,7.85,-11.25],"rotation":{"angle":0,"axis":"y","origin":[8,6,10.375]},"faces":{"east":{"uv":[4,0,4.75,0.375],"texture":"#0"},"west":{"uv":[4,0,4.75,0.375],"texture":"#0"},"up":{"uv":[4,0.375,4.375,1.125],"rotation":180,"texture":"#0"},"down":{"uv":[4,1.125,4.375,0.375],"rotation":180,"texture":"#0"}}},{"from":[15,8,-1],"to":[16,15,20],"rotation":{"angle":-22.5,"axis":"z","origin":[15.5,8,9.5]},"faces":{"north":{"uv":[0,7,0.25,8.75],"texture":"#1"},"east":{"uv":[0,0,5.25,1.75],"texture":"#1"},"south":{"uv":[0,7,0.25,8.75],"texture":"#1"},"west":{"uv":[0,0,5.25,1.75],"texture":"#1"},"up":{"uv":[5.5,11.25,5.25,6],"texture":"#1"},"down":{"uv":[5.5,6,5.25,11.25],"texture":"#1"}}},{"from":[0,8,-1],"to":[1,15,20],"rotation":{"angle":22.5,"axis":"z","origin":[0.5,8,9.5]},"faces":{"north":{"uv":[0.25,7,0,8.75],"texture":"#1"},"east":{"uv":[5.25,0,0,1.75],"texture":"#1"},"south":{"uv":[0.25,7,0,8.75],"texture":"#1"},"west":{"uv":[5.25,0,0,1.75],"texture":"#1"},"up":{"uv":[5.25,11.25,5.5,6],"texture":"#1"},"down":{"uv":[5.25,6,5.5,11.25],"texture":"#1"}}},{"from":[-2,8,0],"to":[18,14,1],"rotation":{"angle":0,"axis":"y","origin":[8,8,18.5]},"faces":{"north":{"uv":[5.25,3,10.25,4.5],"texture":"#1"},"south":{"uv":[5.25,3,10.25,4.5],"texture":"#1"},"up":{"uv":[11.25,6.75,6.25,6.5],"texture":"#1"}}},{"from":[-2,8,18],"to":[18,14,19],"rotation":{"angle":0,"axis":"y","origin":[8,8,18.5]},"faces":{"north":{"uv":[5.25,3,10.25,4.5],"texture":"#1"},"south":{"uv":[5.25,3,10.25,4.5],"texture":"#1"},"up":{"uv":[11.25,6.75,6.25,6.5],"texture":"#1"}}},{"from":[4.5,8,1],"to":[11.5,17,8],"rotation":{"angle":0,"axis":"y","origin":[2,8,3.5]},"faces":{"north":{"uv":[1.75,10.5,3.5,12.75],"texture":"#2"},"east":{"uv":[1.75,10.5,3.5,12.75],"texture":"#2"},"south":{"uv":[1.75,10.5,3.5,12.75],"texture":"#2"},"west":{"uv":[1.75,10.5,3.5,12.75],"texture":"#2"},"up":{"uv":[15.25,14.5,13.5,12.75],"texture":"#2"},"down":{"uv":[15.25,14.5,13.5,12.75],"texture":"#2"}}},{"from":[4.5,8,11],"to":[11.5,17,18],"rotation":{"angle":0,"axis":"y","origin":[2,8,3.5]},"faces":{"north":{"uv":[1.75,10.5,3.5,12.75],"texture":"#2"},"east":{"uv":[1.75,10.5,3.5,12.75],"texture":"#2"},"south":{"uv":[1.75,10.5,3.5,12.75],"texture":"#2"},"west":{"uv":[1.75,10.5,3.5,12.75],"texture":"#2"},"up":{"uv":[15.25,14.5,13.5,12.75],"texture":"#2"},"down":{"uv":[15.25,14.5,13.5,12.75],"texture":"#2"}}},{"from":[2.5,14,1.5],"to":[7.5,19,17.5],"rotation":{"angle":0,"axis":"y","origin":[5,18.5,9.5]},"faces":{"north":{"uv":[10.25,14,11.5,15.25],"texture":"#2"},"east":{"uv":[3.75,0,7.75,1.25],"texture":"#2"},"south":{"uv":[11.5,14,10.25,15.25],"texture":"#2"},"west":{"uv":[3.75,0,7.75,1.25],"texture":"#2"},"up":{"uv":[7.75,0,3.75,1.25],"rotation":90,"texture":"#2"},"down":{"uv":[7.75,0,3.75,1.25],"rotation":90,"texture":"#2"}}},{"from":[5.5,16,2.5],"to":[10.5,21,16.5],"rotation":{"angle":0,"axis":"y","origin":[5,18.5,9.5]},"faces":{"north":{"uv":[11.5,15.25,10.25,14],"texture":"#2"},"east":{"uv":[3.75,0,7.25,1.25],"texture":"#2"},"south":{"uv":[10.25,15.25,11.5,14],"texture":"#2"},"west":{"uv":[3.75,0,7.25,1.25],"texture":"#2"},"up":{"uv":[7.25,0,3.75,1.25],"rotation":90,"texture":"#2"},"down":{"uv":[7.25,0,3.75,1.25],"rotation":90,"texture":"#2"}}},{"from":[8.5,14,1.5],"to":[13.5,19,17.5],"rotation":{"angle":0,"axis":"y","origin":[5,18.5,9.5]},"faces":{"north":{"uv":[10.25,14,11.5,15.25],"texture":"#2"},"east":{"uv":[3.75,0,7.75,1.25],"texture":"#2"},"south":{"uv":[11.5,14,10.25,15.25],"texture":"#2"},"west":{"uv":[3.75,0,7.75,1.25],"texture":"#2"},"up":{"uv":[7.75,0,3.75,1.25],"rotation":90,"texture":"#2"},"down":{"uv":[7.75,0,3.75,1.25],"rotation":90,"texture":"#2"}}},{"from":[10,8,1],"to":[15,18,6],"rotation":{"angle":-22.5,"axis":"z","origin":[13.5,8,3.5]},"faces":{"north":{"uv":[12,9,13.25,11.5],"texture":"#2"},"east":{"uv":[12,9,13.25,11.5],"texture":"#2"},"south":{"uv":[12,9,13.25,11.5],"texture":"#2"},"west":{"uv":[12,9,13.25,11.5],"texture":"#2"},"up":{"uv":[11.5,15.25,10.25,14],"texture":"#2"},"down":{"uv":[11.5,14,10.25,15.25],"texture":"#2"}}},{"from":[10,8,13],"to":[15,18,18],"rotation":{"angle":-22.5,"axis":"z","origin":[13.5,8,3.5]},"faces":{"north":{"uv":[12,9,13.25,11.5],"texture":"#2"},"east":{"uv":[12,9,13.25,11.5],"texture":"#2"},"south":{"uv":[12,9,13.25,11.5],"texture":"#2"},"west":{"uv":[12,9,13.25,11.5],"texture":"#2"},"up":{"uv":[11.5,15.25,10.25,14],"texture":"#2"},"down":{"uv":[11.5,14,10.25,15.25],"texture":"#2"}}},{"from":[1,8,13],"to":[6,18,18],"rotation":{"angle":22.5,"axis":"z","origin":[2.5,8,3.5]},"faces":{"north":{"uv":[13.25,9,12,11.5],"texture":"#2"},"east":{"uv":[13.25,9,12,11.5],"texture":"#2"},"south":{"uv":[13.25,9,12,11.5],"texture":"#2"},"west":{"uv":[13.25,9,12,11.5],"texture":"#2"},"up":{"uv":[10.25,15.25,11.5,14],"texture":"#2"},"down":{"uv":[10.25,14,11.5,15.25],"texture":"#2"}}},{"from":[1,8,1],"to":[6,18,6],"rotation":{"angle":22.5,"axis":"z","origin":[2.5,8,3.5]},"faces":{"north":{"uv":[13.25,9,12,11.5],"texture":"#2"},"east":{"uv":[13.25,9,12,11.5],"texture":"#2"},"south":{"uv":[13.25,9,12,11.5],"texture":"#2"},"west":{"uv":[13.25,9,12,11.5],"texture":"#2"},"up":{"uv":[10.25,15.25,11.5,14],"texture":"#2"},"down":{"uv":[10.25,14,11.5,15.25],"texture":"#2"}}},{"from":[8,8,6],"to":[15,17,13],"rotation":{"angle":-22.5,"axis":"z","origin":[13.5,8,3.5]},"faces":{"north":{"uv":[1.75,10.5,3.5,12.75],"texture":"#2"},"east":{"uv":[1.75,10.5,3.5,12.75],"texture":"#2"},"south":{"uv":[1.75,10.5,3.5,12.75],"texture":"#2"},"west":{"uv":[1.75,10.5,3.5,12.75],"texture":"#2"},"up":{"uv":[15.25,14.5,13.5,12.75],"texture":"#2"},"down":{"uv":[15.25,14.5,13.5,12.75],"texture":"#2"}}},{"from":[1,8,6],"to":[8,17,13],"rotation":{"angle":22.5,"axis":"z","origin":[2.5,8,3.5]},"faces":{"north":{"uv":[3.5,10.5,1.75,12.75],"texture":"#2"},"east":{"uv":[3.5,10.5,1.75,12.75],"texture":"#2"},"south":{"uv":[3.5,10.5,1.75,12.75],"texture":"#2"},"west":{"uv":[3.5,10.5,1.75,12.75],"texture":"#2"},"up":{"uv":[13.5,14.5,15.25,12.75],"texture":"#2"},"down":{"uv":[13.5,14.5,15.25,12.75],"texture":"#2"}}}],"display":{"thirdperson_righthand":{"rotation":[45,25,0],"translation":[-0.75,2.75,1],"scale":[0.3,0.3,0.3]},"thirdperson_lefthand":{"rotation":[45,25,0],"translation":[-0.75,2.75,1],"scale":[0.3,0.3,0.3]},"firstperson_righthand":{"rotation":[0,14,0],"translation":[2.25,2.5,0],"scale":[0.5,0.5,0.5]},"firstperson_lefthand":{"rotation":[0,14,0],"translation":[2.25,2.5,0],"scale":[0.5,0.5,0.5]},"ground":{"scale":[0.3,0.3,0.3]},"gui":{"rotation":[30,140,0],"translation":[0.5,0.75,0],"scale":[0.5,0.5,0.5]},"head":{"translation":[0,-17.75,0],"scale":[3.2,3.2,3.2]},"fixed":{"rotation":[-90,0,0],"translation":[16,-22,-31.75],"scale":[4,4,4]}}}