{"credit":"Made with Blockbench","textures":{"0":"magic_store:subpack_farmer_props/farmer_pack_log","particle":"magic_store:subpack_farmer_props/farmer_pack_log"},"elements":[{"from":[0,0,-6],"to":[16,7,1],"rotation":{"angle":0,"axis":"y","origin":[8,3.5,-2.5]},"faces":{"north":{"uv":[8,7,0,10.5],"rotation":180,"texture":"#0"},"east":{"uv":[11.5,0,8,3.5],"rotation":90,"texture":"#0"},"south":{"uv":[0,7,8,3.5],"texture":"#0"},"west":{"uv":[8,0,11.5,3.5],"rotation":270,"texture":"#0"},"up":{"uv":[0,3.5,8,7],"texture":"#0"},"down":{"uv":[8,0,0,3.5],"rotation":180,"texture":"#0"}}},{"from":[0,7,-10],"to":[16,14,-3],"rotation":{"angle":0,"axis":"y","origin":[8,3.5,7.5]},"faces":{"north":{"uv":[0,7,8,3.5],"texture":"#0"},"east":{"uv":[8,0,11.5,3.5],"rotation":270,"texture":"#0"},"south":{"uv":[8,7,0,10.5],"rotation":180,"texture":"#0"},"west":{"uv":[11.5,0,8,3.5],"rotation":90,"texture":"#0"},"up":{"uv":[0,3.5,8,7],"rotation":180,"texture":"#0"},"down":{"uv":[8,0,0,3.5],"texture":"#0"}}},{"from":[0,14,18],"to":[16,21,25],"rotation":{"angle":0,"axis":"y","origin":[8,3.5,7.5]},"faces":{"north":{"uv":[0,7,8,3.5],"texture":"#0"},"east":{"uv":[8,0,11.5,3.5],"rotation":270,"texture":"#0"},"south":{"uv":[8,7,0,10.5],"rotation":180,"texture":"#0"},"west":{"uv":[11.5,0,8,3.5],"rotation":90,"texture":"#0"},"up":{"uv":[0,3.5,8,7],"rotation":180,"texture":"#0"},"down":{"uv":[8,0,0,3.5],"texture":"#0"}}},{"from":[-1,21,7],"to":[15,28,14],"rotation":{"angle":0,"axis":"y","origin":[8,3.5,7.5]},"faces":{"north":{"uv":[0,7,8,3.5],"texture":"#0"},"east":{"uv":[8,0,11.5,3.5],"rotation":270,"texture":"#0"},"south":{"uv":[8,7,0,10.5],"rotation":180,"texture":"#0"},"west":{"uv":[11.5,0,8,3.5],"rotation":90,"texture":"#0"},"up":{"uv":[0,3.5,8,7],"rotation":180,"texture":"#0"},"down":{"uv":[8,0,0,3.5],"texture":"#0"}}},{"from":[-1,21,15],"to":[15,28,22],"rotation":{"angle":0,"axis":"y","origin":[7,24.5,18.5]},"faces":{"north":{"uv":[8,0,0,3.5],"rotation":180,"texture":"#0"},"east":{"uv":[8,0,11.5,3.5],"rotation":180,"texture":"#0"},"south":{"uv":[0,3.5,8,7],"rotation":180,"texture":"#0"},"west":{"uv":[11.5,0,8,3.5],"rotation":180,"texture":"#0"},"up":{"uv":[0,7,8,3.5],"rotation":180,"texture":"#0"},"down":{"uv":[8,7,0,10.5],"rotation":180,"texture":"#0"}}},{"from":[0,0,8],"to":[16,7,15],"rotation":{"angle":0,"axis":"y","origin":[8,3.5,7.5]},"faces":{"north":{"uv":[0,7,8,3.5],"texture":"#0"},"east":{"uv":[8,0,11.5,3.5],"rotation":270,"texture":"#0"},"south":{"uv":[8,7,0,10.5],"rotation":180,"texture":"#0"},"west":{"uv":[11.5,0,8,3.5],"rotation":90,"texture":"#0"},"up":{"uv":[0,3.5,8,7],"rotation":180,"texture":"#0"},"down":{"uv":[8,0,0,3.5],"texture":"#0"}}},{"from":[-1,7,5],"to":[15,14,12],"rotation":{"angle":0,"axis":"y","origin":[8,3.5,7.5]},"faces":{"north":{"uv":[0,7,8,3.5],"texture":"#0"},"east":{"uv":[8,0,11.5,3.5],"rotation":270,"texture":"#0"},"south":{"uv":[8,7,0,10.5],"rotation":180,"texture":"#0"},"west":{"uv":[11.5,0,8,3.5],"rotation":90,"texture":"#0"},"up":{"uv":[0,3.5,8,7],"rotation":180,"texture":"#0"},"down":{"uv":[8,0,0,3.5],"texture":"#0"}}},{"from":[-1,14,3],"to":[15,21,10],"rotation":{"angle":0,"axis":"y","origin":[8,3.5,7.5]},"faces":{"north":{"uv":[0,7,8,3.5],"texture":"#0"},"east":{"uv":[8,0,11.5,3.5],"rotation":270,"texture":"#0"},"south":{"uv":[8,7,0,10.5],"rotation":180,"texture":"#0"},"west":{"uv":[11.5,0,8,3.5],"rotation":90,"texture":"#0"},"up":{"uv":[0,3.5,8,7],"rotation":180,"texture":"#0"},"down":{"uv":[8,0,0,3.5],"texture":"#0"}}},{"from":[-2,0,-14],"to":[14,7,-7],"rotation":{"angle":0,"axis":"y","origin":[8,3.5,3.5]},"faces":{"north":{"uv":[8,0,0,3.5],"texture":"#0"},"east":{"uv":[11.5,0,8,3.5],"texture":"#0"},"south":{"uv":[0,3.5,8,7],"texture":"#0"},"west":{"uv":[8,0,11.5,3.5],"texture":"#0"},"up":{"uv":[8,7,0,10.5],"texture":"#0"},"down":{"uv":[0,7,8,3.5],"texture":"#0"}}},{"from":[0,14,-5],"to":[16,21,2],"rotation":{"angle":0,"axis":"y","origin":[8,3.5,3.5]},"faces":{"north":{"uv":[8,0,0,3.5],"texture":"#0"},"east":{"uv":[11.5,0,8,3.5],"texture":"#0"},"south":{"uv":[0,3.5,8,7],"texture":"#0"},"west":{"uv":[8,0,11.5,3.5],"texture":"#0"},"up":{"uv":[8,7,0,10.5],"texture":"#0"},"down":{"uv":[0,7,8,3.5],"texture":"#0"}}},{"from":[-2,0,24],"to":[14,7,31],"rotation":{"angle":0,"axis":"y","origin":[8,3.5,3.5]},"faces":{"north":{"uv":[8,0,0,3.5],"texture":"#0"},"east":{"uv":[11.5,0,8,3.5],"texture":"#0"},"south":{"uv":[0,3.5,8,7],"texture":"#0"},"west":{"uv":[8,0,11.5,3.5],"texture":"#0"},"up":{"uv":[8,7,0,10.5],"texture":"#0"},"down":{"uv":[0,7,8,3.5],"texture":"#0"}}},{"from":[-1,7,13],"to":[15,14,20],"rotation":{"angle":0,"axis":"y","origin":[8,3.5,3.5]},"faces":{"north":{"uv":[8,0,0,3.5],"texture":"#0"},"east":{"uv":[11.5,0,8,3.5],"texture":"#0"},"south":{"uv":[0,3.5,8,7],"texture":"#0"},"west":{"uv":[8,0,11.5,3.5],"texture":"#0"},"up":{"uv":[8,7,0,10.5],"texture":"#0"},"down":{"uv":[0,7,8,3.5],"texture":"#0"}}},{"from":[-1,0,1],"to":[15,7,8],"rotation":{"angle":0,"axis":"y","origin":[6,3.5,17.5]},"faces":{"north":{"uv":[0,3.5,8,7],"texture":"#0"},"east":{"uv":[8,0,11.5,3.5],"texture":"#0"},"south":{"uv":[8,0,0,3.5],"texture":"#0"},"west":{"uv":[11.5,0,8,3.5],"texture":"#0"},"up":{"uv":[8,7,0,10.5],"rotation":180,"texture":"#0"},"down":{"uv":[0,7,8,3.5],"rotation":180,"texture":"#0"}}},{"from":[-1,0,16],"to":[15,7,23],"rotation":{"angle":0,"axis":"y","origin":[6,3.5,17.5]},"faces":{"north":{"uv":[0,3.5,8,7],"texture":"#0"},"east":{"uv":[8,0,11.5,3.5],"texture":"#0"},"south":{"uv":[8,0,0,3.5],"texture":"#0"},"west":{"uv":[11.5,0,8,3.5],"texture":"#0"},"up":{"uv":[8,7,0,10.5],"rotation":180,"texture":"#0"},"down":{"uv":[0,7,8,3.5],"rotation":180,"texture":"#0"}}},{"from":[-1,7,21],"to":[15,14,28],"rotation":{"angle":0,"axis":"y","origin":[6,3.5,17.5]},"faces":{"north":{"uv":[0,3.5,8,7],"texture":"#0"},"east":{"uv":[8,0,11.5,3.5],"texture":"#0"},"south":{"uv":[8,0,0,3.5],"texture":"#0"},"west":{"uv":[11.5,0,8,3.5],"texture":"#0"},"up":{"uv":[8,7,0,10.5],"rotation":180,"texture":"#0"},"down":{"uv":[0,7,8,3.5],"rotation":180,"texture":"#0"}}},{"from":[-2,7,-2],"to":[14,14,5],"rotation":{"angle":0,"axis":"y","origin":[6,3.5,17.5]},"faces":{"north":{"uv":[0,3.5,8,7],"texture":"#0"},"east":{"uv":[8,0,11.5,3.5],"texture":"#0"},"south":{"uv":[8,0,0,3.5],"texture":"#0"},"west":{"uv":[11.5,0,8,3.5],"texture":"#0"},"up":{"uv":[8,7,0,10.5],"rotation":180,"texture":"#0"},"down":{"uv":[0,7,8,3.5],"rotation":180,"texture":"#0"}}},{"from":[-2,14,11],"to":[14,21,18],"rotation":{"angle":0,"axis":"y","origin":[6,3.5,17.5]},"faces":{"north":{"uv":[0,3.5,8,7],"texture":"#0"},"east":{"uv":[8,0,11.5,3.5],"texture":"#0"},"south":{"uv":[8,0,0,3.5],"texture":"#0"},"west":{"uv":[11.5,0,8,3.5],"texture":"#0"},"up":{"uv":[8,7,0,10.5],"rotation":180,"texture":"#0"},"down":{"uv":[0,7,8,3.5],"rotation":180,"texture":"#0"}}},{"from":[0,21,-1],"to":[16,28,6],"rotation":{"angle":0,"axis":"y","origin":[6,3.5,17.5]},"faces":{"north":{"uv":[0,3.5,8,7],"texture":"#0"},"east":{"uv":[8,0,11.5,3.5],"texture":"#0"},"south":{"uv":[8,0,0,3.5],"texture":"#0"},"west":{"uv":[11.5,0,8,3.5],"texture":"#0"},"up":{"uv":[8,7,0,10.5],"rotation":180,"texture":"#0"},"down":{"uv":[0,7,8,3.5],"rotation":180,"texture":"#0"}}}],"display":{"thirdperson_righthand":{"rotation":[45,25,0],"translation":[-0.75,1,1],"scale":[0.3,0.3,0.3]},"thirdperson_lefthand":{"rotation":[45,25,0],"translation":[-0.75,1,1],"scale":[0.3,0.3,0.3]},"firstperson_righthand":{"rotation":[0,14,0],"translation":[2.25,2.5,0],"scale":[0.5,0.5,0.5]},"firstperson_lefthand":{"rotation":[0,14,0],"translation":[2.25,2.5,0],"scale":[0.5,0.5,0.5]},"ground":{"scale":[0.3,0.3,0.3]},"gui":{"rotation":[30,140,0],"translation":[-0.75,-1,0],"scale":[0.35,0.35,0.35]},"head":{"translation":[0,-30.5,0],"scale":[1.6,1.6,1.6]},"fixed":{"rotation":[-90,0,0],"translation":[0,0,-16],"scale":[2,2,2]}}}