{"credit":"Made with Blockbench","texture_size":[32,32],"textures":{"0":"magic_store:subpack_farmer_props/farmer_pack_shovel_1","particle":"magic_store:subpack_farmer_props/farmer_pack_shovel_1"},"elements":[{"from":[7,9,6],"to":[9,28,8],"faces":{"north":{"uv":[0,0,1,9.5],"texture":"#0"},"east":{"uv":[0,0,1,9.5],"texture":"#0"},"south":{"uv":[0,0,1,9.5],"texture":"#0"},"west":{"uv":[0,0,1,9.5],"texture":"#0"},"up":{"uv":[7,8.5,6,7.5],"texture":"#0"},"down":{"uv":[8,7.5,7,8.5],"texture":"#0"}}},{"from":[7,0,7],"to":[9,7,7],"faces":{"north":{"uv":[6,4,7,7.5],"texture":"#0"},"east":{"uv":[0,0,0,3.5],"texture":"#0"},"south":{"uv":[7,4,6,7.5],"texture":"#0"},"west":{"uv":[0,0,0,3.5],"texture":"#0"},"up":{"uv":[1,0,0,0],"texture":"#0"},"down":{"uv":[1,0,0,0],"texture":"#0"}}},{"from":[10,0,7],"to":[12,7,7],"faces":{"north":{"uv":[4,7.5,5,11],"texture":"#0"},"south":{"uv":[5,7.5,4,11],"texture":"#0"}}},{"from":[4,0,7],"to":[6,7,7],"rotation":{"angle":0,"axis":"y","origin":[16,0,0]},"faces":{"north":{"uv":[5,7.5,4,11],"texture":"#0"},"south":{"uv":[4,7.5,5,11],"texture":"#0"}}},{"from":[4,7,6],"to":[12,9,8],"faces":{"north":{"uv":[4,0,8,1],"texture":"#0"},"east":{"uv":[8,1,9,2],"texture":"#0"},"south":{"uv":[4,0,8,1],"texture":"#0"},"west":{"uv":[8,1,9,2],"texture":"#0"},"up":{"uv":[8,3,4,2],"texture":"#0"},"down":{"uv":[8,3,4,4],"texture":"#0"}}}],"display":{"thirdperson_righthand":{"rotation":[45,25,0],"translation":[-0.25,1,0.25],"scale":[0.3,0.3,0.3]},"thirdperson_lefthand":{"rotation":[45,25,0],"translation":[-0.25,1,0.25],"scale":[0.3,0.3,0.3]},"firstperson_righthand":{"rotation":[0,14,0],"translation":[2.25,2.5,0],"scale":[0.5,0.5,0.5]},"firstperson_lefthand":{"rotation":[0,14,0],"translation":[2.25,2.5,0],"scale":[0.5,0.5,0.5]},"ground":{"scale":[0.3,0.3,0.3]},"gui":{"rotation":[30,140,0],"translation":[0.5,-2.75,0],"scale":[0.6,0.6,0.6]},"head":{"translation":[0,-30.5,0],"scale":[1.6,1.6,1.6]},"fixed":{"rotation":[-90,0,0],"translation":[0,0,-16],"scale":[2,2,2]}}}