{"credit":"Made with Blockbench","texture_size":[128,128],"textures":{"0":"magic_store:subpack_farmer_props/farmer_pack_big_hay","particle":"magic_store:subpack_farmer_props/farmer_pack_big_hay"},"elements":[{"from":[-2,0,-4],"to":[17,26,22],"faces":{"north":{"uv":[3.25,0,5.625,3.25],"texture":"#0"},"east":{"uv":[3.25,0,0,3.25],"texture":"#0"},"south":{"uv":[3.25,0,5.625,3.25],"texture":"#0"},"west":{"uv":[0,0,3.25,3.25],"texture":"#0"},"up":{"uv":[8,3.25,5.625,0],"texture":"#0"},"down":{"uv":[8,3.25,5.625,0],"texture":"#0"}}},{"from":[-4,26,-4],"to":[-2,26,22],"rotation":{"angle":-22.5,"axis":"z","origin":[-2,26,9]},"faces":{"north":{"uv":[0,0,0.25,0],"texture":"#0"},"east":{"uv":[0,0,3.25,0],"texture":"#0"},"south":{"uv":[0,0,0.25,0],"texture":"#0"},"west":{"uv":[0,0,3.25,0],"texture":"#0"},"up":{"uv":[1.25,9.75,1,6.5],"texture":"#0"},"down":{"uv":[1.25,6.5,1,9.75],"texture":"#0"}}},{"from":[-4,0.1,-4],"to":[-2,0.1,22],"faces":{"north":{"uv":[0,0,0.25,0],"texture":"#0"},"east":{"uv":[0,0,3.25,0],"texture":"#0"},"south":{"uv":[0,0,0.25,0],"texture":"#0"},"west":{"uv":[0,0,3.25,0],"texture":"#0"},"up":{"uv":[1.25,9.75,1,6.5],"texture":"#0"},"down":{"uv":[1.25,6.5,1,9.75],"texture":"#0"}}},{"from":[-4,0,-4],"to":[-2,26,-4],"rotation":{"angle":-22.5,"axis":"y","origin":[-2,13,-4]},"faces":{"north":{"uv":[1.25,9.75,1,6.5],"rotation":180,"texture":"#0"},"east":{"uv":[0,0,3.25,0],"rotation":90,"texture":"#0"},"south":{"uv":[1.25,6.5,1,9.75],"texture":"#0"},"west":{"uv":[0,0,3.25,0],"rotation":270,"texture":"#0"},"up":{"uv":[0,0,0.25,0],"texture":"#0"},"down":{"uv":[0,0,0.25,0],"rotation":180,"texture":"#0"}}},{"from":[-4,0,22],"to":[-2,26,22],"rotation":{"angle":22.5,"axis":"y","origin":[-2,13,22]},"faces":{"north":{"uv":[1.25,9.75,1,6.5],"rotation":180,"texture":"#0"},"east":{"uv":[0,0,3.25,0],"rotation":90,"texture":"#0"},"south":{"uv":[1.25,6.5,1,9.75],"texture":"#0"},"west":{"uv":[0,0,3.25,0],"rotation":270,"texture":"#0"},"up":{"uv":[0,0,0.25,0],"texture":"#0"},"down":{"uv":[0,0,0.25,0],"rotation":180,"texture":"#0"}}},{"from":[17,26,-4],"to":[19,26,22],"rotation":{"angle":22.5,"axis":"z","origin":[17,26,9]},"faces":{"north":{"uv":[0.25,0,0,0],"texture":"#0"},"east":{"uv":[3.25,0,0,0],"texture":"#0"},"south":{"uv":[0.25,0,0,0],"texture":"#0"},"west":{"uv":[3.25,0,0,0],"texture":"#0"},"up":{"uv":[1,9.75,1.25,6.5],"texture":"#0"},"down":{"uv":[1,6.5,1.25,9.75],"texture":"#0"}}},{"from":[17,0.1,-4],"to":[19,0.1,22],"rotation":{"angle":0,"axis":"y","origin":[17,0,9]},"faces":{"north":{"uv":[0.25,0,0,0],"texture":"#0"},"east":{"uv":[3.25,0,0,0],"texture":"#0"},"south":{"uv":[0.25,0,0,0],"texture":"#0"},"west":{"uv":[3.25,0,0,0],"texture":"#0"},"up":{"uv":[1,9.75,1.25,6.5],"texture":"#0"},"down":{"uv":[1,6.5,1.25,9.75],"texture":"#0"}}},{"from":[17,0,-4],"to":[19,26,-4],"rotation":{"angle":22.5,"axis":"y","origin":[17,13,-4]},"faces":{"north":{"uv":[1,9.75,1.25,6.5],"rotation":180,"texture":"#0"},"east":{"uv":[0,0,3.25,0],"rotation":270,"texture":"#0"},"south":{"uv":[1,6.5,1.25,9.75],"texture":"#0"},"west":{"uv":[0,0,3.25,0],"rotation":90,"texture":"#0"},"up":{"uv":[0.25,0,0,0],"texture":"#0"},"down":{"uv":[0.25,0,0,0],"rotation":180,"texture":"#0"}}},{"from":[17,0,22],"to":[19,26,22],"rotation":{"angle":-22.5,"axis":"y","origin":[17,13,22]},"faces":{"north":{"uv":[1,9.75,1.25,6.5],"rotation":180,"texture":"#0"},"east":{"uv":[0,0,3.25,0],"rotation":270,"texture":"#0"},"south":{"uv":[1,6.5,1.25,9.75],"texture":"#0"},"west":{"uv":[0,0,3.25,0],"rotation":90,"texture":"#0"},"up":{"uv":[0.25,0,0,0],"texture":"#0"},"down":{"uv":[0.25,0,0,0],"rotation":180,"texture":"#0"}}}],"display":{"thirdperson_righthand":{"rotation":[45,25,0],"translation":[-0.75,1,1],"scale":[0.3,0.3,0.3]},"thirdperson_lefthand":{"rotation":[45,25,0],"translation":[-0.75,1,1],"scale":[0.3,0.3,0.3]},"firstperson_righthand":{"rotation":[0,14,0],"translation":[2.25,2.5,0],"scale":[0.5,0.5,0.5]},"firstperson_lefthand":{"rotation":[0,14,0],"translation":[2.25,2.5,0],"scale":[0.5,0.5,0.5]},"ground":{"scale":[0.3,0.3,0.3]},"gui":{"rotation":[30,140,0],"translation":[-0.5,-1.75,0],"scale":[0.4,0.4,0.4]},"head":{"translation":[0,-30.5,0],"scale":[1.6,1.6,1.6]},"fixed":{"rotation":[-90,0,0],"translation":[0,0,-16],"scale":[2,2,2]}}}