{"credit":"Made with Blockbench","texture_size":[128,128],"textures":{"0":"magic_store:subpack_farmer_props/farmer_pack_cart","particle":"magic_store:subpack_farmer_props/farmer_pack_cart"},"elements":[{"from":[0,12,0],"to":[16,16,32],"rotation":{"angle":0,"axis":"y","origin":[12,12,16.75]},"faces":{"north":{"uv":[10,0,8,0.5],"texture":"#0"},"east":{"uv":[5.25,7.75,9.25,8.25],"texture":"#0"},"south":{"uv":[8,0,10,0.5],"texture":"#0"},"west":{"uv":[5.25,7.75,9.25,8.25],"texture":"#0"},"up":{"uv":[2,4,0,0],"rotation":180,"texture":"#0"},"down":{"uv":[2,4,0,0],"rotation":180,"texture":"#0"}}},{"from":[16.2,0,8.5],"to":[20,20,28.5],"rotation":{"angle":0,"axis":"y","origin":[12,12,16.75]},"faces":{"north":{"uv":[8,1,8.5,3.5],"texture":"#0"},"east":{"uv":[2.5,5.25,5,7.75],"texture":"#0"},"south":{"uv":[8,1,8.5,3.5],"texture":"#0"},"west":{"uv":[2.5,5.25,5,7.75],"texture":"#0"},"up":{"uv":[8,1,8.5,3.5],"rotation":180,"texture":"#0"},"down":{"uv":[8,1,8.5,3.5],"rotation":180,"texture":"#0"}}},{"from":[16.2,20,8.5],"to":[20,0,28.5],"rotation":{"angle":0,"axis":"y","origin":[12,12,16.75]},"faces":{"north":{"uv":[8,1,8.5,3.5],"texture":"#0"},"east":{"uv":[2.5,5.25,5,7.75],"texture":"#0"},"south":{"uv":[8,1,8.5,3.5],"texture":"#0"},"west":{"uv":[2.5,5.25,5,7.75],"texture":"#0"},"up":{"uv":[8,1,8.5,3.5],"rotation":180,"texture":"#0"},"down":{"uv":[8,1,8.5,3.5],"rotation":180,"texture":"#0"}}},{"from":[-4.2,0,8.5],"to":[-0.2,20,28.5],"rotation":{"angle":0,"axis":"y","origin":[12,12,16.75]},"faces":{"north":{"uv":[8.5,1,8,3.5],"texture":"#0"},"east":{"uv":[5,5.25,2.5,7.75],"texture":"#0"},"south":{"uv":[8.5,1,8,3.5],"texture":"#0"},"west":{"uv":[5,5.25,2.5,7.75],"texture":"#0"},"up":{"uv":[8.5,1,8,3.5],"rotation":180,"texture":"#0"},"down":{"uv":[8.5,1,8,3.5],"rotation":180,"texture":"#0"}}},{"from":[-4.2,20,8.5],"to":[-0.2,0,28.5],"rotation":{"angle":0,"axis":"y","origin":[12,12,16.75]},"faces":{"north":{"uv":[8.5,1,8,3.5],"texture":"#0"},"east":{"uv":[5,5.25,2.5,7.75],"texture":"#0"},"south":{"uv":[8.5,1,8,3.5],"texture":"#0"},"west":{"uv":[5,5.25,2.5,7.75],"texture":"#0"},"up":{"uv":[8.5,1,8,3.5],"rotation":180,"texture":"#0"},"down":{"uv":[8.5,1,8,3.5],"rotation":180,"texture":"#0"}}},{"from":[-5,8,16.5],"to":[21,12,20.5],"rotation":{"angle":0,"axis":"y","origin":[12,12,16.75]},"faces":{"north":{"uv":[0,11.75,2.75,12.25],"texture":"#0"},"east":{"uv":[0,10.75,0.5,11.25],"texture":"#0"},"south":{"uv":[2.75,11.25,0,11.75],"texture":"#0"},"west":{"uv":[0.5,10.75,0,11.25],"texture":"#0"},"up":{"uv":[0,11.25,5.25,11.75],"rotation":180,"texture":"#0"},"down":{"uv":[0,12.25,3.25,11.75],"rotation":180,"texture":"#0"}}},{"from":[23.3,12.3,-16],"to":[26.7,15.7,-16],"rotation":{"angle":0,"axis":"y","origin":[12,12,16.75]},"faces":{"east":{"uv":[4,0,4.75,0.375],"texture":"#0"},"west":{"uv":[4,0,4.75,0.375],"texture":"#0"},"up":{"uv":[4,0.375,4.375,1.125],"rotation":180,"texture":"#0"},"down":{"uv":[4,1.125,4.375,0.375],"rotation":180,"texture":"#0"}}},{"from":[5.3,12.3,-16],"to":[8.7,15.7,-16],"rotation":{"angle":0,"axis":"y","origin":[12,12,16.75]},"faces":{"east":{"uv":[4,0,4.75,0.375],"texture":"#0"},"west":{"uv":[4,0,4.75,0.375],"texture":"#0"},"up":{"uv":[4,0.375,4.375,1.125],"rotation":180,"texture":"#0"},"down":{"uv":[4,1.125,4.375,0.375],"rotation":180,"texture":"#0"}}},{"from":[11.5,12.5,-16],"to":[14.5,15.5,0],"faces":{"north":{"uv":[4.5,9.5,4.875,9.875],"texture":"#0"},"east":{"uv":[8,4,10,4.375],"texture":"#0"},"south":{"uv":[4.5,9.5,4.875,9.875],"texture":"#0"},"west":{"uv":[8,4,10,4.375],"texture":"#0"},"up":{"uv":[8,4,10,4.375],"rotation":90,"texture":"#0"},"down":{"uv":[8,4,10,4.375],"rotation":90,"texture":"#0"}}},{"from":[1.5,12.5,-16],"to":[4.5,15.5,0],"faces":{"north":{"uv":[4.5,9.5,4.875,9.875],"texture":"#0"},"east":{"uv":[8,4,10,4.375],"texture":"#0"},"south":{"uv":[4.5,9.5,4.875,9.875],"texture":"#0"},"west":{"uv":[8,4,10,4.375],"texture":"#0"},"up":{"uv":[8,4,10,4.375],"rotation":90,"texture":"#0"},"down":{"uv":[8,4,10,4.375],"rotation":90,"texture":"#0"}}},{"from":[11.4,12.4,-14],"to":[14.6,15.6,-8],"faces":{"east":{"uv":[4,0,4.75,0.375],"texture":"#0"},"west":{"uv":[4,0,4.75,0.375],"texture":"#0"},"up":{"uv":[4.375,1.125,4,0.375],"texture":"#0"},"down":{"uv":[4,0.375,4.375,1.125],"texture":"#0"}}},{"from":[1.4,12.4,-14],"to":[4.6,15.6,-8],"faces":{"east":{"uv":[4,0,4.75,0.375],"texture":"#0"},"west":{"uv":[4,0,4.75,0.375],"texture":"#0"},"up":{"uv":[4.375,1.125,4,0.375],"texture":"#0"},"down":{"uv":[4,0.375,4.375,1.125],"texture":"#0"}}},{"from":[1.5,8,2.5],"to":[4.5,12,5.5],"faces":{"north":{"uv":[4,1.125,4.375,1.625],"texture":"#0"},"east":{"uv":[4,1.125,4.375,1.625],"texture":"#0"},"south":{"uv":[4,1.125,4.375,1.625],"texture":"#0"},"west":{"uv":[4,1.125,4.375,1.625],"texture":"#0"},"up":{"uv":[4,1.625,4.375,2],"texture":"#0"},"down":{"uv":[4,1.625,4.375,2],"texture":"#0"}}},{"from":[2,0,3],"to":[4,8,5],"faces":{"north":{"uv":[4,2,4.25,3],"texture":"#0"},"east":{"uv":[4,2,4.25,3],"texture":"#0"},"south":{"uv":[4,2,4.25,3],"texture":"#0"},"west":{"uv":[4,2,4.25,3],"texture":"#0"},"up":{"uv":[4,2,4.25,2.25],"texture":"#0"},"down":{"uv":[4,2,4.25,2.25],"texture":"#0"}}},{"from":[12,0,3],"to":[14,8,5],"rotation":{"angle":0,"axis":"y","origin":[16,0,0]},"faces":{"north":{"uv":[4.25,2,4,3],"texture":"#0"},"east":{"uv":[4.25,2,4,3],"texture":"#0"},"south":{"uv":[4.25,2,4,3],"texture":"#0"},"west":{"uv":[4.25,2,4,3],"texture":"#0"},"up":{"uv":[4.25,2,4,2.25],"texture":"#0"},"down":{"uv":[4.25,2,4,2.25],"texture":"#0"}}},{"from":[11.5,8,2.5],"to":[14.5,12,5.5],"rotation":{"angle":0,"axis":"y","origin":[16,0,0]},"faces":{"north":{"uv":[4.375,1.125,4,1.625],"texture":"#0"},"east":{"uv":[4.375,1.125,4,1.625],"texture":"#0"},"south":{"uv":[4.375,1.125,4,1.625],"texture":"#0"},"west":{"uv":[4.375,1.125,4,1.625],"texture":"#0"},"up":{"uv":[4.375,1.625,4,2],"texture":"#0"},"down":{"uv":[4.375,1.625,4,2],"texture":"#0"}}}],"display":{"thirdperson_righthand":{"rotation":[45,25,0],"translation":[-0.75,2.75,1],"scale":[0.3,0.3,0.3]},"thirdperson_lefthand":{"rotation":[45,25,0],"translation":[-0.75,2.75,1],"scale":[0.3,0.3,0.3]},"firstperson_righthand":{"rotation":[0,14,0],"translation":[2.25,2.5,0],"scale":[0.5,0.5,0.5]},"firstperson_lefthand":{"rotation":[0,14,0],"translation":[2.25,2.5,0],"scale":[0.5,0.5,0.5]},"ground":{"scale":[0.3,0.3,0.3]},"gui":{"rotation":[30,140,0],"translation":[-0.75,-1.75,0],"scale":[0.37,0.37,0.37]},"head":{"translation":[0,-30.5,0],"scale":[1.6,1.6,1.6]},"fixed":{"rotation":[-90,0,0],"translation":[0,0,-16],"scale":[2,2,2]}}}