{"credit":"Made with Blockbench","textures":{"0":"furnituresplus:furnituresplus/bamboo_block","1":"furnituresplus:furnituresplus/bamboo_planks","4":"furnituresplus:furnituresplus/chiseled_quartz_block","5":"furnituresplus:furnituresplus/bamboo_trapdoor","particle":"furnituresplus:furnituresplus/bamboo_block"},"elements":[{"from":[3,0,3],"to":[13,2,13],"rotation":{"angle":0,"axis":"y","origin":[7,0,7]},"faces":{"north":{"uv":[0,0,10,2],"texture":"#0"},"east":{"uv":[0,0,10,2],"texture":"#0"},"south":{"uv":[0,0,10,2],"texture":"#0"},"west":{"uv":[0,0,10,2],"texture":"#0"},"up":{"uv":[0,0,10,10],"texture":"#0"},"down":{"uv":[0,0,10,10],"texture":"#0"}}},{"from":[6,2,6],"to":[10,5,10],"rotation":{"angle":0,"axis":"y","origin":[7,2,7]},"faces":{"north":{"uv":[0,0,4,3],"texture":"#1"},"east":{"uv":[0,0,4,3],"texture":"#1"},"south":{"uv":[0,0,4,3],"texture":"#1"},"west":{"uv":[0,0,4,3],"texture":"#1"},"up":{"uv":[0,0,4,4],"texture":"#1"},"down":{"uv":[0,0,4,4],"texture":"#0"}}},{"from":[7,5,7],"to":[9,10,9],"rotation":{"angle":0,"axis":"y","origin":[7,5,7]},"faces":{"north":{"uv":[0,2,2,7],"texture":"#0"},"east":{"uv":[0,2,2,7],"texture":"#0"},"south":{"uv":[0,2,2,7],"texture":"#0"},"west":{"uv":[0,2,2,7],"texture":"#0"},"up":{"uv":[0,0,2,2],"texture":"#0"},"down":{"uv":[0,0,2,2],"texture":"#0"}}},{"from":[7,10,3],"to":[9,11,13],"rotation":{"angle":0,"axis":"y","origin":[8,10.5,8]},"faces":{"north":{"uv":[0,2,2,3],"texture":"#0"},"east":{"uv":[0,2,10,3],"texture":"#0"},"south":{"uv":[0,2,2,3],"texture":"#0"},"west":{"uv":[0,2,10,3],"texture":"#0"},"up":{"uv":[0,0,2,10],"texture":"#0"},"down":{"uv":[0,0,2,10],"texture":"#0"}}},{"from":[2.01,10.01,13.01],"to":[13.99,21.99,13.99],"rotation":{"angle":0,"axis":"y","origin":[8,17.5,9]},"faces":{"north":{"uv":[2,2,14,14],"texture":"#5"},"east":{"uv":[2,2,3,14],"texture":"#5"},"south":{"uv":[14,2,2,14],"texture":"#5"},"west":{"uv":[2,2,3,14],"texture":"#5"},"up":{"uv":[2,1,14,2],"texture":"#5"},"down":{"uv":[2,1,14,2],"texture":"#5"}}},{"from":[13,10,2],"to":[14,22,14],"rotation":{"angle":0,"axis":"y","origin":[13.5,16,8]},"faces":{"north":{"uv":[2,2,3,14],"texture":"#5"},"east":{"uv":[2,2,14,14],"texture":"#5"},"south":{"uv":[2,2,3,14],"texture":"#5"},"west":{"uv":[2,2,14,14],"texture":"#5"},"up":{"uv":[2,1,14,2],"rotation":270,"texture":"#5"},"down":{"uv":[2,1,14,2],"rotation":90,"texture":"#5"}}},{"from":[2,10,2],"to":[3,22,14],"rotation":{"angle":0,"axis":"y","origin":[5.25,16,5.25]},"faces":{"north":{"uv":[2,2,3,14],"texture":"#5"},"east":{"uv":[2,2,14,14],"texture":"#5"},"south":{"uv":[2,2,3,14],"texture":"#5"},"west":{"uv":[2,2,14,14],"texture":"#5"},"up":{"uv":[2,1,14,2],"rotation":90,"texture":"#5"},"down":{"uv":[2,1,14,2],"rotation":270,"texture":"#5"}}},{"from":[2.01,10.01,2.01],"to":[13.99,21.99,2.99],"rotation":{"angle":0,"axis":"y","origin":[5.25,16,5.25]},"faces":{"north":{"uv":[2,2,14,14],"texture":"#5"},"east":{"uv":[2,2,3,14],"texture":"#5"},"south":{"uv":[2,2,14,14],"texture":"#5"},"west":{"uv":[2,2,3,14],"texture":"#5"},"up":{"uv":[2,1,14,2],"rotation":180,"texture":"#5"},"down":{"uv":[2,1,14,2],"rotation":180,"texture":"#5"}}},{"from":[3,10,7],"to":[13,11,9],"rotation":{"angle":0,"axis":"y","origin":[8,10.5,8]},"faces":{"north":{"uv":[0,2,10,3],"texture":"#0"},"east":{"uv":[0,2,2,3],"texture":"#0"},"south":{"uv":[0,2,10,3],"texture":"#0"},"west":{"uv":[0,2,2,3],"texture":"#0"},"up":{"uv":[0,0,2,10],"rotation":270,"texture":"#0"},"down":{"uv":[0,0,2,10],"rotation":90,"texture":"#0"}}},{"from":[7,11,7],"to":[9,14,9],"rotation":{"angle":0,"axis":"y","origin":[7,-9,7]},"faces":{"north":{"uv":[0,0,2,3],"texture":"#4"},"east":{"uv":[0,0,2,3],"texture":"#4"},"south":{"uv":[0,0,2,3],"texture":"#4"},"west":{"uv":[0,0,2,3],"texture":"#4"},"up":{"uv":[0,0,2,3],"texture":"#4"},"down":{"uv":[0,0,2,3],"texture":"#4"}}}],"display":{"thirdperson_righthand":{"rotation":[75,45,0],"translation":[0,2.5,0.75],"scale":[0.375,0.375,0.375]},"thirdperson_lefthand":{"rotation":[75,45,0],"translation":[0,2.5,0],"scale":[0.375,0.375,0.375]},"firstperson_righthand":{"rotation":[0,45,0],"scale":[0.4,0.4,0.4]},"firstperson_lefthand":{"rotation":[0,225,0],"scale":[0.4,0.4,0.4]},"ground":{"translation":[0,3,0],"scale":[0.25,0.25,0.25]},"gui":{"rotation":[-160.12,-62.43,179.11],"translation":[0,-0.75,0],"scale":[0.44531,0.44531,0.44531]},"head":{"translation":[0,-30.4,0],"scale":[1.6,1.6,1.6]},"fixed":{"rotation":[-90,180,0],"translation":[0,0,-16],"scale":[2,2,2]}},"mcmodels":"0df1e448b7cae607a72993c979c64e4d"}