{"credit":"Made with Blockbench","textures":{"0":"furnituresplus:furnituresplus/bamboo_mosaic","1":"furnituresplus:furnituresplus/bamboo_block_top","2":"furnituresplus:furnituresplus/bamboo_block","3":"furnituresplus:furnituresplus/bamboo_trapdoor","particle":"furnituresplus:furnituresplus/bamboo_mosaic"},"elements":[{"from":[1,15,1],"to":[15,16,15],"rotation":{"angle":0,"axis":"y","origin":[0,14,0]},"faces":{"north":{"uv":[14,2,0,4],"texture":"#0"},"east":{"uv":[11,0,9,14],"rotation":90,"texture":"#0"},"south":{"uv":[15,4,1,6],"texture":"#0"},"west":{"uv":[15,0,1,2],"texture":"#0"},"up":{"uv":[0,0,14,14],"texture":"#0"},"down":{"uv":[0,14,14,0],"texture":"#0"}}},{"from":[3,16.2,3],"to":[13,16.2,13],"rotation":{"angle":0,"axis":"y","origin":[0,14,0]},"faces":{"north":{"uv":[14,2,0,4],"texture":"#0"},"east":{"uv":[11,0,9,14],"rotation":90,"texture":"#0"},"south":{"uv":[15,4,1,6],"texture":"#0"},"west":{"uv":[15,0,1,2],"texture":"#0"},"up":{"uv":[1,1,15,15],"texture":"#1"},"down":{"uv":[0,14,14,0],"texture":"#0"}}},{"from":[2,13,2],"to":[14,16,14],"rotation":{"angle":0,"axis":"y","origin":[0,10,1]},"faces":{"north":{"uv":[14,2,2,5],"texture":"#3"},"east":{"uv":[14,2,2,5],"texture":"#3"},"south":{"uv":[14,2,2,5],"texture":"#3"},"west":{"uv":[14,2,2,5],"texture":"#3"},"up":{"uv":[7,9,9,7],"texture":"#3"},"down":{"uv":[7,9,9,7],"texture":"#3"}}},{"from":[0,0,0],"to":[2,17,2],"rotation":{"angle":0,"axis":"y","origin":[-1,14,0]},"faces":{"north":{"uv":[0,0,2,16],"texture":"#2"},"east":{"uv":[0,0,2,16],"texture":"#2"},"south":{"uv":[0,0,2,16],"texture":"#2"},"west":{"uv":[0,0,2,16],"texture":"#2"},"up":{"uv":[0,0,2,2],"texture":"#2"},"down":{"uv":[0,0,2,2],"texture":"#2"}}},{"from":[0,0,14],"to":[2,17,16],"rotation":{"angle":0,"axis":"y","origin":[-1,14,14]},"faces":{"north":{"uv":[3,0,5,16],"texture":"#2"},"east":{"uv":[3,0,5,16],"texture":"#2"},"south":{"uv":[3,0,5,16],"texture":"#2"},"west":{"uv":[3,0,5,16],"texture":"#2"},"up":{"uv":[0,0,2,2],"texture":"#2"},"down":{"uv":[0,0,2,2],"texture":"#2"}}},{"from":[14,0,14],"to":[16,17,16],"rotation":{"angle":0,"axis":"y","origin":[13,14,14]},"faces":{"north":{"uv":[7,0,9,16],"texture":"#2"},"east":{"uv":[7,0,9,16],"texture":"#2"},"south":{"uv":[7,0,9,16],"texture":"#2"},"west":{"uv":[7,0,9,16],"texture":"#2"},"up":{"uv":[0,0,2,2],"texture":"#2"},"down":{"uv":[0,0,2,2],"texture":"#2"}}},{"from":[14,0,0],"to":[16,17,2],"rotation":{"angle":0,"axis":"y","origin":[13,14,0]},"faces":{"north":{"uv":[11,0,13,16],"texture":"#2"},"east":{"uv":[11,0,13,16],"texture":"#2"},"south":{"uv":[11,0,13,16],"texture":"#2"},"west":{"uv":[11,0,13,16],"texture":"#2"},"up":{"uv":[0,0,2,2],"texture":"#2"},"down":{"uv":[0,0,2,2],"texture":"#2"}}}],"display":{"thirdperson_righthand":{"rotation":[75,45,0],"translation":[0,2.5,0],"scale":[0.375,0.375,0.375]},"thirdperson_lefthand":{"rotation":[75,45,0],"translation":[0,2.5,0],"scale":[0.375,0.375,0.375]},"firstperson_righthand":{"rotation":[0,45,0],"scale":[0.4,0.4,0.4]},"firstperson_lefthand":{"rotation":[0,45,0],"scale":[0.4,0.4,0.4]},"ground":{"translation":[0,2,0],"scale":[0.5,0.5,0.5]},"gui":{"rotation":[30,45,0],"translation":[0,-0.6,0],"scale":[0.5,0.5,0.5]},"head":{"translation":[0,-30.4,0],"scale":[1.6,1.6,1.6]},"fixed":{"rotation":[-90,180,0],"translation":[0,0,-16],"scale":[2,2,2]}},"mcmodels":"0df1e448b7cae607a72993c979c64e4d"}