{"credit":"Created By Yassou","textures":{"2":"furnituresplus:furnituresplus/bamboo_mosaic","3":"furnituresplus:furnituresplus/bamboo_block","4":"furnituresplus:furnituresplus/bamboo_block_top"},"elements":[{"from":[1.01,3.01,0.01],"to":[14.99,3.99,15.99],"rotation":{"angle":0,"axis":"y","origin":[0,3,0]},"faces":{"north":{"uv":[16,1,0,3.05],"texture":"#4"},"east":{"uv":[16,1,0,3.05],"texture":"#4"},"south":{"uv":[1,16,3.05,0],"rotation":90,"texture":"#4"},"west":{"uv":[1,16,3.05,1],"rotation":90,"texture":"#4"},"up":{"uv":[0,0,16,16],"texture":"#4"},"down":{"uv":[0,0,16,16],"texture":"#4"}}},{"from":[1,4,1],"to":[15,9,15],"rotation":{"angle":0,"axis":"y","origin":[0,7,0]},"faces":{"north":{"uv":[15,1,1,6.05],"texture":"#2"},"east":{"uv":[15,1,1,6.05],"texture":"#2"},"south":{"uv":[1,15,6.05,1],"rotation":90,"texture":"#2"},"west":{"uv":[1,15,6.05,1],"rotation":90,"texture":"#2"},"up":{"uv":[1,1,15,15.05],"texture":"#2"},"down":{"uv":[1,15.05,15,1],"texture":"#2"}}},{"from":[14,0,14],"to":[16,16,16],"rotation":{"angle":0,"axis":"y","origin":[13,14,14]},"faces":{"north":{"uv":[0,0,2,16],"texture":"#3"},"east":{"uv":[0,0,2,16],"texture":"#3"},"south":{"uv":[0,0,2,16],"texture":"#3"},"west":{"uv":[0,0,2,16],"texture":"#3"},"up":{"uv":[0,0,2,2],"texture":"#3"},"down":{"uv":[0,0,2,2],"texture":"#3"}}},{"from":[14,0,0],"to":[16,16,2],"rotation":{"angle":0,"axis":"y","origin":[13,14,0]},"faces":{"north":{"uv":[3,0,5,16],"texture":"#3"},"east":{"uv":[3,0,5,16],"texture":"#3"},"south":{"uv":[3,0,5,16],"texture":"#3"},"west":{"uv":[3,0,5,16],"texture":"#3"},"up":{"uv":[0,0,2,2],"texture":"#3"},"down":{"uv":[0,0,2,2],"texture":"#3"}}},{"from":[0,0,0],"to":[2,16,2],"rotation":{"angle":0,"axis":"y","origin":[-1,14,0]},"faces":{"north":{"uv":[9,0,11,16],"texture":"#3"},"east":{"uv":[9,0,11,16],"texture":"#3"},"south":{"uv":[9,0,11,16],"texture":"#3"},"west":{"uv":[9,0,11,16],"texture":"#3"},"up":{"uv":[0,0,2,2],"texture":"#3"},"down":{"uv":[0,0,2,2],"texture":"#3"}}},{"from":[6,6,0],"to":[11,7,2],"rotation":{"angle":0,"axis":"y","origin":[4,14,0]},"faces":{"north":{"uv":[5,0,10,1],"texture":"#3"},"east":{"uv":[9,0,9.5,0.25],"texture":"#3"},"south":{"uv":[9,0,11,16],"texture":"#3"},"west":{"uv":[9,0,9.5,0.25],"texture":"#3"},"up":{"uv":[5,0,10,1],"texture":"#3"},"down":{"uv":[5,0,10,1],"texture":"#3"}}},{"from":[0,0,14],"to":[2,16,16],"rotation":{"angle":0,"axis":"y","origin":[-1,14,14]},"faces":{"north":{"uv":[11,0,13,16],"texture":"#3"},"east":{"uv":[11,0,13,16],"texture":"#3"},"south":{"uv":[11,0,13,16],"texture":"#3"},"west":{"uv":[11,0,13,16],"texture":"#3"},"up":{"uv":[0,0,2,2],"texture":"#3"},"down":{"uv":[0,0,2,2],"texture":"#3"}}},{"from":[14,16,14],"to":[16,32,16],"rotation":{"angle":0,"axis":"y","origin":[13,30,14]},"faces":{"north":{"uv":[0,0,2,16],"texture":"#3"},"east":{"uv":[0,0,2,16],"texture":"#3"},"south":{"uv":[0,0,2,16],"texture":"#3"},"west":{"uv":[0,0,2,16],"texture":"#3"},"up":{"uv":[0,0,2,2],"texture":"#3"},"down":{"uv":[0,0,2,2],"texture":"#3"}}},{"from":[14,16,0],"to":[16,32,2],"rotation":{"angle":0,"axis":"y","origin":[13,30,0]},"faces":{"north":{"uv":[3,0,5,16],"texture":"#3"},"east":{"uv":[3,0,5,16],"texture":"#3"},"south":{"uv":[3,0,5,16],"texture":"#3"},"west":{"uv":[3,0,5,16],"texture":"#3"},"up":{"uv":[0,0,2,2],"texture":"#3"},"down":{"uv":[0,0,2,2],"texture":"#3"}}},{"from":[0,16,0],"to":[2,32,2],"rotation":{"angle":0,"axis":"y","origin":[-1,30,0]},"faces":{"north":{"uv":[9,0,11,16],"texture":"#3"},"east":{"uv":[9,0,11,16],"texture":"#3"},"south":{"uv":[9,0,11,16],"texture":"#3"},"west":{"uv":[9,0,11,16],"texture":"#3"},"up":{"uv":[0,0,2,2],"texture":"#3"},"down":{"uv":[0,0,2,2],"texture":"#3"}}},{"from":[0,16,14],"to":[2,32,16],"rotation":{"angle":0,"axis":"y","origin":[-1,30,14]},"faces":{"north":{"uv":[11,0,13,16],"texture":"#3"},"east":{"uv":[11,0,13,16],"texture":"#3"},"south":{"uv":[11,0,13,16],"texture":"#3"},"west":{"uv":[11,0,13,16],"texture":"#3"},"up":{"uv":[0,0,2,2],"texture":"#3"},"down":{"uv":[0,0,2,2],"texture":"#3"}}},{"from":[1,29,1],"to":[15,31,15],"rotation":{"angle":0,"axis":"y","origin":[0,29,0]},"faces":{"north":{"uv":[15,1,1,3.05],"texture":"#2"},"east":{"uv":[15,1,1,3.05],"texture":"#2"},"south":{"uv":[1,15,3.05,1],"rotation":90,"texture":"#2"},"west":{"uv":[1,15,3.05,1],"rotation":90,"texture":"#2"},"up":{"uv":[1,1,15,15.05],"texture":"#2"},"down":{"uv":[1,15.05,15,1],"texture":"#2"}}},{"from":[1,18,1],"to":[15,23,15],"rotation":{"angle":0,"axis":"y","origin":[0,21,0]},"faces":{"north":{"uv":[15,1,1,6.05],"texture":"#2"},"east":{"uv":[15,1,1,6.05],"texture":"#2"},"south":{"uv":[1,15,6.05,1],"rotation":90,"texture":"#2"},"west":{"uv":[1,15,6.05,1],"rotation":90,"texture":"#2"},"up":{"uv":[1,1,15,15.05],"texture":"#2"},"down":{"uv":[1,15.05,15,1],"texture":"#2"}}},{"from":[6,20,0],"to":[11,21,2],"rotation":{"angle":0,"axis":"y","origin":[4,28,0]},"faces":{"north":{"uv":[5,0,10,1],"texture":"#3"},"east":{"uv":[9,0,9.5,0.25],"texture":"#3"},"south":{"uv":[9,0,11,16],"texture":"#3"},"west":{"uv":[9,0,9.5,0.25],"texture":"#3"},"up":{"uv":[5,0,10,1],"texture":"#3"},"down":{"uv":[5,0,10,1],"texture":"#3"}}},{"from":[2,31.1,2],"to":[14,31.1,14],"rotation":{"angle":0,"axis":"y","origin":[0,29.1,0]},"faces":{"north":{"uv":[15,1,1,3.05],"texture":"#2"},"east":{"uv":[15,1,1,3.05],"texture":"#2"},"south":{"uv":[1,15,3.05,1],"rotation":90,"texture":"#2"},"west":{"uv":[1,15,3.05,1],"rotation":90,"texture":"#2"},"up":{"uv":[1,1,15,15.05],"texture":"#4"},"down":{"uv":[1,15.05,15,1],"texture":"#2"}}},{"from":[1.01,17.01,0.01],"to":[14.99,17.99,15.99],"rotation":{"angle":0,"axis":"y","origin":[0,17,0]},"faces":{"north":{"uv":[16,1,0,3.05],"texture":"#4"},"east":{"uv":[16,1,0,3.05],"texture":"#4"},"south":{"uv":[1,16,3.05,0],"rotation":90,"texture":"#4"},"west":{"uv":[1,16,3.05,1],"rotation":90,"texture":"#4"},"up":{"uv":[0,0,16,16],"texture":"#4"},"down":{"uv":[0,0,16,16],"texture":"#4"}}},{"from":[1.01,23.01,0.01],"to":[14.99,23.99,15.99],"rotation":{"angle":0,"axis":"y","origin":[0,23,0]},"faces":{"north":{"uv":[16,1,0,3.05],"texture":"#4"},"east":{"uv":[16,1,0,3.05],"texture":"#4"},"south":{"uv":[1,16,3.05,0],"rotation":90,"texture":"#4"},"west":{"uv":[1,16,3.05,1],"rotation":90,"texture":"#4"},"up":{"uv":[0,0,16,16],"texture":"#4"},"down":{"uv":[0,0,16,16],"texture":"#4"}}},{"from":[1.01,9.01,0.01],"to":[14.99,9.99,15.99],"rotation":{"angle":0,"axis":"y","origin":[0,9,0]},"faces":{"north":{"uv":[16,1,0,3.05],"texture":"#4"},"east":{"uv":[16,1,0,3.05],"texture":"#4"},"south":{"uv":[1,16,3.05,0],"rotation":90,"texture":"#4"},"west":{"uv":[1,16,3.05,1],"rotation":90,"texture":"#4"},"up":{"uv":[0,0,16,16],"texture":"#4"},"down":{"uv":[0,0,16,16],"texture":"#4"}}}],"display":{"thirdperson_righthand":{"rotation":[75,45,0],"translation":[0,2.5,0],"scale":[0.375,0.375,0.375]},"thirdperson_lefthand":{"rotation":[75,45,0],"translation":[0,2.5,0],"scale":[0.375,0.375,0.375]},"firstperson_righthand":{"rotation":[179.17,16.21,-177.16],"translation":[0,2.75,0],"scale":[0.26328,0.26328,0.26328]},"firstperson_lefthand":{"rotation":[179.17,16.21,-177.16],"translation":[0,2.75,0],"scale":[0.26328,0.26328,0.26328]},"ground":{"translation":[0,3,0],"scale":[0.35742,0.35742,0.35742]},"gui":{"rotation":[30,225,0],"translation":[0,-2.75,0],"scale":[0.40039,0.40039,0.40039]},"head":{"rotation":[-180,0,-180],"translation":[0,-30.4,0],"scale":[1.6,1.6,1.6]},"fixed":{"rotation":[-90,180,0],"translation":[0,0,-16],"scale":[2,2,2]}},"mcmodels":"0df1e448b7cae607a72993c979c64e4d"}