{"credit":"Blockbench","textures":{"1":"infinitecrops:item/crops/eggplant/stage_4","particle":"infinitecrops:item/crops/eggplant/eggplant_2"},"elements":[{"from":[-0.4,0,8],"to":[16.4,19.95,8],"rotation":{"angle":-45,"axis":"y","origin":[8,9.45,8]},"faces":{"north":{"uv":[13,6.5,3,16],"texture":"#1"},"east":{"uv":[13,6.5,3,16],"texture":"#1"},"south":{"uv":[13,6.5,3,16],"texture":"#1"},"west":{"uv":[13,6.5,3,16],"texture":"#1"},"up":{"uv":[13,6.5,3,16],"texture":"#1"},"down":{"uv":[13,6.5,3,16],"texture":"#1"}}},{"from":[8,0,-0.4],"to":[8,19.95,16.4],"rotation":{"angle":-45,"axis":"y","origin":[8,9.45,8]},"faces":{"north":{"uv":[13,6.5,3,16],"texture":"#1"},"east":{"uv":[13,6.5,3,16],"texture":"#1"},"south":{"uv":[13,6.5,3,16],"texture":"#1"},"west":{"uv":[13,6.5,3,16],"texture":"#1"},"up":{"uv":[13,6.5,3,16],"texture":"#1"},"down":{"uv":[13,6.5,3,16],"texture":"#1"}}},{"from":[-1.692,6.60055,1.47241],"to":[0.1644,10.47925,3.44484],"rotation":{"angle":-22.5,"axis":"z","origin":[0.28042,1.19725,0.13812]},"faces":{"north":{"uv":[1.45455,0,5.62727,15.74545],"texture":"#particle"},"east":{"uv":[0,0,4.17273,15.74545],"texture":"#particle"},"south":{"uv":[5.62727,0,1.45455,15.74545],"texture":"#particle"},"west":{"uv":[11.63637,0,15.80909,15.74545],"texture":"#particle"},"up":{"uv":[2.32727,0,6.5,2.8],"texture":"#particle"},"down":{"uv":[1.45455,0,5.62727,12.83636],"texture":"#particle"}}},{"from":[-0.08945,4.53192,1.35639],"to":[2.23105,6.96844,3.56086],"rotation":{"angle":-45,"axis":"z","origin":[1.33592,6.47415,2.45862]},"faces":{"north":{"uv":[0,6.4,5.81818,16],"texture":"#particle"},"east":{"uv":[0,9.74545,4.36364,16],"texture":"#particle"},"south":{"uv":[5.81818,6.4,0,16],"texture":"#particle"},"west":{"uv":[7.27273,0,11.49091,9.6],"texture":"#particle"},"up":{"uv":[2.90909,12.65455,4.36363,3.2],"rotation":90,"texture":"#particle"},"down":{"uv":[0.14546,9.74545,4.36364,16],"texture":"#particle"}}},{"from":[15.8356,2.40055,2.31241],"to":[17.692,6.27925,4.28484],"rotation":{"angle":22.5,"axis":"z","origin":[15.71958,-3.00275,0.97812]},"faces":{"north":{"uv":[5.62727,0,1.45455,15.74545],"texture":"#particle"},"east":{"uv":[15.80909,0,11.63637,15.74545],"texture":"#particle"},"south":{"uv":[1.45455,0,5.62727,15.74545],"texture":"#particle"},"west":{"uv":[4.17273,0,0,15.74545],"texture":"#particle"},"up":{"uv":[6.5,0,2.32727,2.8],"texture":"#particle"},"down":{"uv":[5.62727,0,1.45455,12.83636],"texture":"#particle"}}},{"from":[13.76895,0.33192,2.19639],"to":[16.08945,2.76844,4.40086],"rotation":{"angle":45,"axis":"z","origin":[14.66408,2.27415,3.29863]},"faces":{"north":{"uv":[5.81818,6.4,0,16],"texture":"#particle"},"east":{"uv":[11.49091,0,7.27273,9.6],"texture":"#particle"},"south":{"uv":[0,6.4,5.81818,16],"texture":"#particle"},"west":{"uv":[4.36364,9.74545,0,16],"texture":"#particle"},"up":{"uv":[2.90909,3.2,4.36363,12.65455],"rotation":90,"texture":"#particle"},"down":{"uv":[4.36364,9.74545,0.14546,16],"texture":"#particle"}}},{"from":[4.9156,7.65055,12.60241],"to":[6.772,11.52925,14.57484],"rotation":{"angle":22.5,"axis":"z","origin":[4.79958,2.24725,11.26813]},"faces":{"north":{"uv":[5.62727,0,1.45455,15.74545],"texture":"#particle"},"east":{"uv":[15.80909,0,11.63637,15.74545],"texture":"#particle"},"south":{"uv":[1.45455,0,5.62727,15.74545],"texture":"#particle"},"west":{"uv":[4.17273,0,0,15.74545],"texture":"#particle"},"up":{"uv":[6.5,0,2.32727,2.8],"texture":"#particle"},"down":{"uv":[5.62727,0,1.45455,12.83636],"texture":"#particle"}}},{"from":[2.84895,5.58192,12.48639],"to":[5.16945,8.01844,14.69086],"rotation":{"angle":45,"axis":"z","origin":[3.74408,7.52415,13.58863]},"faces":{"north":{"uv":[5.81818,6.4,0,16],"texture":"#particle"},"east":{"uv":[11.49091,0,7.27273,9.6],"texture":"#particle"},"south":{"uv":[0,6.4,5.81818,16],"texture":"#particle"},"west":{"uv":[4.36364,9.74545,0,16],"texture":"#particle"},"up":{"uv":[2.90909,3.2,4.36363,12.65455],"rotation":90,"texture":"#particle"},"down":{"uv":[4.36364,9.74545,0.14546,16],"texture":"#particle"}}},{"from":[6.84786,4.81555,10.96415],"to":[8.82029,8.69425,12.82055],"rotation":{"angle":-22.5,"axis":"x","origin":[10.15458,-0.58775,10.84813]},"faces":{"north":{"uv":[4.17273,0,0,15.74545],"texture":"#particle"},"east":{"uv":[5.62727,0,1.45455,15.74545],"texture":"#particle"},"south":{"uv":[15.80909,0,11.63637,15.74545],"texture":"#particle"},"west":{"uv":[1.45455,0,5.62727,15.74545],"texture":"#particle"},"up":{"uv":[6.5,0,2.32727,2.8],"rotation":90,"texture":"#particle"},"down":{"uv":[5.62727,0,1.45455,12.83636],"rotation":270,"texture":"#particle"}}},{"from":[6.73184,2.74692,8.8975],"to":[8.93631,5.18344,11.218],"rotation":{"angle":-45,"axis":"x","origin":[7.83408,4.68915,9.79263]},"faces":{"north":{"uv":[4.36364,9.74545,0,16],"texture":"#particle"},"east":{"uv":[5.81818,6.4,0,16],"texture":"#particle"},"south":{"uv":[11.49091,0,7.27273,9.6],"texture":"#particle"},"west":{"uv":[0,6.4,5.81818,16],"texture":"#particle"},"up":{"uv":[2.90909,3.2,4.36363,12.65455],"rotation":180,"texture":"#particle"},"down":{"uv":[4.36364,9.74545,0.14546,16],"rotation":270,"texture":"#particle"}}},{"from":[15.8356,7.40055,11.91241],"to":[17.692,11.27925,13.88484],"rotation":{"angle":22.5,"axis":"z","origin":[15.71958,1.99725,10.57812]},"faces":{"north":{"uv":[5.62727,0,1.45455,15.74545],"texture":"#particle"},"east":{"uv":[15.80909,0,11.63637,15.74545],"texture":"#particle"},"south":{"uv":[1.45455,0,5.62727,15.74545],"texture":"#particle"},"west":{"uv":[4.17273,0,0,15.74545],"texture":"#particle"},"up":{"uv":[6.5,0,2.32727,2.8],"texture":"#particle"},"down":{"uv":[5.62727,0,1.45455,12.83636],"texture":"#particle"}}},{"from":[13.76895,5.33192,11.79639],"to":[16.08945,7.76844,14.00086],"rotation":{"angle":45,"axis":"z","origin":[14.66408,7.27415,12.89863]},"faces":{"north":{"uv":[5.81818,6.4,0,16],"texture":"#particle"},"east":{"uv":[11.49091,0,7.27273,9.6],"texture":"#particle"},"south":{"uv":[0,6.4,5.81818,16],"texture":"#particle"},"west":{"uv":[4.36364,9.74545,0,16],"texture":"#particle"},"up":{"uv":[2.90909,3.2,4.36363,12.65455],"rotation":90,"texture":"#particle"},"down":{"uv":[4.36364,9.74545,0.14546,16],"texture":"#particle"}}},{"from":[8.24786,11.31555,3.17945],"to":[10.22029,15.19425,5.03585],"rotation":{"angle":22.5,"axis":"x","origin":[11.55458,5.91225,5.15187]},"faces":{"north":{"uv":[11.63637,0,15.80909,15.74545],"texture":"#particle"},"east":{"uv":[1.45455,0,5.62727,15.74545],"texture":"#particle"},"south":{"uv":[0,0,4.17273,15.74545],"texture":"#particle"},"west":{"uv":[5.62727,0,1.45455,15.74545],"texture":"#particle"},"up":{"uv":[2.32727,0,6.5,2.8],"rotation":90,"texture":"#particle"},"down":{"uv":[1.45455,0,5.62727,12.83636],"rotation":270,"texture":"#particle"}}},{"from":[8.13184,9.24692,4.782],"to":[10.33631,11.68344,7.1025],"rotation":{"angle":45,"axis":"x","origin":[9.23408,11.18915,6.20737]},"faces":{"north":{"uv":[7.27273,0,11.49091,9.6],"texture":"#particle"},"east":{"uv":[0,6.4,5.81818,16],"texture":"#particle"},"south":{"uv":[0,9.74545,4.36364,16],"texture":"#particle"},"west":{"uv":[5.81818,6.4,0,16],"texture":"#particle"},"up":{"uv":[2.90909,12.65455,4.36363,3.2],"rotation":180,"texture":"#particle"},"down":{"uv":[0.14546,9.74545,4.36364,16],"rotation":270,"texture":"#particle"}}}],"gui_light":"front","display":{"thirdperson_righthand":{"translation":[0.0,2.75,0.75],"rotation":[0.0,-180.0,0.0],"scale":[0.4,0.4,0.4]},"gui":{"rotation":[11.87,11.43,-0.78]},"fixed":{"rotation":[-90,0,0],"translation":[0,0,-19],"scale":[2.5,2.5,2.5]},"display":{"scale":[0.5,0.5,0.5]},"thirdperson_lefthand":{"rotation":[0.0,0.0,0.0],"translation":[0.0,2.75,0.75],"scale":[0.4,0.4,0.4]},"firstperson_righthand":{"rotation":[0.0,140.0,0.0],"translation":[3.5,2.5,0.0],"scale":[0.4,0.4,0.4]},"firstperson_lefthand":{"rotation":[0.0,-44.0,0.0],"translation":[-1.0,4.25,2.75],"scale":[0.4,0.4,0.4]},"ground":{"translation":[0.0,2.0,0.0],"scale":[0.5,0.5,0.5]}}}