{"credit":"MadewithBlockbench","texture_size":[128,128],"textures":{"1":"elitecreatures:carnivoret_weapon_set/wing"},"elements":[{"from":[7.725,6.36379,0.49408],"to":[8.275,7.66379,6.39408],"rotation":{"angle":22.5,"axis":"x","origin":[8,8.22553,7.9]},"faces":{"north":{"uv":[1,8.375,1.0625,8.53125],"texture":"#1"},"east":{"uv":[0,7.875,0.75,8.03125],"texture":"#1"},"south":{"uv":[1.125,8.375,1.1875,8.53125],"texture":"#1"},"west":{"uv":[0.75,7.875,1.5,8.03125],"texture":"#1"},"up":{"uv":[4.5625,8.625,4.5,7.875],"texture":"#1"},"down":{"uv":[4.6875,7.875,4.625,8.625],"texture":"#1"}}},{"from":[7.525,11.84586,1.34677],"to":[8.475,13.14586,2.74677],"rotation":{"angle":-22.5,"axis":"x","origin":[8,8.22553,7.9]},"faces":{"north":{"uv":[1,8.125,1.125,8.28125],"texture":"#1"},"east":{"uv":[5.5,7.875,5.6875,8.03125],"texture":"#1"},"south":{"uv":[1.125,8.125,1.25,8.28125],"texture":"#1"},"west":{"uv":[5.75,7.875,5.9375,8.03125],"texture":"#1"},"up":{"uv":[0.625,8.3125,0.5,8.125],"texture":"#1"},"down":{"uv":[0.75,8.125,0.625,8.3125],"texture":"#1"}}},{"from":[7.525,10.74586,1.34677],"to":[8.475,11.84586,1.94677],"rotation":{"angle":-22.5,"axis":"x","origin":[8,8.22553,7.9]},"faces":{"north":{"uv":[3,8.125,3.125,8.25],"texture":"#1"},"east":{"uv":[1.25,8.5,1.3125,8.625],"texture":"#1"},"south":{"uv":[3.125,8.125,3.25,8.25],"texture":"#1"},"west":{"uv":[1.375,8.5,1.4375,8.625],"texture":"#1"},"up":{"uv":[1.625,8.5625,1.5,8.5],"texture":"#1"},"down":{"uv":[1.75,8.5,1.625,8.5625],"texture":"#1"}}},{"from":[7.725,7.66379,5.89408],"to":[8.275,9.36379,6.39408],"rotation":{"angle":22.5,"axis":"x","origin":[8,8.22553,7.9]},"faces":{"north":{"uv":[2.5,8.25,2.5625,8.46875],"texture":"#1"},"east":{"uv":[2.625,8.25,2.6875,8.46875],"texture":"#1"},"south":{"uv":[2.75,8.25,2.8125,8.46875],"texture":"#1"},"west":{"uv":[2.875,8.25,2.9375,8.46875],"texture":"#1"},"up":{"uv":[4.3125,8.5625,4.25,8.5],"texture":"#1"},"down":{"uv":[4.4375,8.5,4.375,8.5625],"texture":"#1"}}},{"from":[7.6,8.15,6.16396],"to":[8.4,8.55,7.36396],"rotation":{"angle":0,"axis":"y","origin":[8,8.22553,7.9]},"faces":{"north":{"uv":[2.25,8.5,2.34375,8.5625],"texture":"#1"},"east":{"uv":[0.5,8.375,0.65625,8.4375],"texture":"#1"},"south":{"uv":[2.375,8.5,2.46875,8.5625],"texture":"#1"},"west":{"uv":[0.75,8.375,0.90625,8.4375],"texture":"#1"},"up":{"uv":[3.59375,8.28125,3.5,8.125],"texture":"#1"},"down":{"uv":[3.71875,8.125,3.625,8.28125],"texture":"#1"}}},{"from":[7.6,7.1,6.16396],"to":[8.4,7.5,7.36396],"rotation":{"angle":0,"axis":"y","origin":[8,8.22553,7.9]},"faces":{"north":{"uv":[2.5,8.5,2.59375,8.5625],"texture":"#1"},"east":{"uv":[1.25,8.375,1.40625,8.4375],"texture":"#1"},"south":{"uv":[2.625,8.5,2.71875,8.5625],"texture":"#1"},"west":{"uv":[3.5,8.375,3.65625,8.4375],"texture":"#1"},"up":{"uv":[3.84375,8.28125,3.75,8.125],"texture":"#1"},"down":{"uv":[3.96875,8.125,3.875,8.28125],"texture":"#1"}}},{"from":[7.6,7.1,8.43604],"to":[8.4,7.5,9.63604],"rotation":{"angle":0,"axis":"y","origin":[8,8.22553,7.9]},"faces":{"north":{"uv":[3,8.5,3.09375,8.5625],"texture":"#1"},"east":{"uv":[4.25,8.375,4.40625,8.4375],"texture":"#1"},"south":{"uv":[3.125,8.5,3.21875,8.5625],"texture":"#1"},"west":{"uv":[5,8.375,5.15625,8.4375],"texture":"#1"},"up":{"uv":[4.34375,8.28125,4.25,8.125],"texture":"#1"},"down":{"uv":[4.46875,8.125,4.375,8.28125],"texture":"#1"}}},{"from":[7.6,8.15,8.43604],"to":[8.4,8.55,9.63604],"rotation":{"angle":0,"axis":"y","origin":[8,8.22553,7.9]},"faces":{"north":{"uv":[2.75,8.5,2.84375,8.5625],"texture":"#1"},"east":{"uv":[3.75,8.375,3.90625,8.4375],"texture":"#1"},"south":{"uv":[2.875,8.5,2.96875,8.5625],"texture":"#1"},"west":{"uv":[4,8.375,4.15625,8.4375],"texture":"#1"},"up":{"uv":[4.09375,8.28125,4,8.125],"texture":"#1"},"down":{"uv":[4.21875,8.125,4.125,8.28125],"texture":"#1"}}},{"from":[7.75,6.97981,6.26396],"to":[8.25,9.17981,6.66396],"rotation":{"angle":0,"axis":"y","origin":[8,8.22553,7.9]},"faces":{"north":{"uv":[2,8.125,2.0625,8.40625],"texture":"#1"},"east":{"uv":[2.125,8.125,2.1875,8.40625],"texture":"#1"},"south":{"uv":[2.25,8.125,2.3125,8.40625],"texture":"#1"},"west":{"uv":[2.375,8.125,2.4375,8.40625],"texture":"#1"},"up":{"uv":[4.0625,8.5625,4,8.5],"texture":"#1"},"down":{"uv":[4.1875,8.5,4.125,8.5625],"texture":"#1"}}},{"from":[7.725,7.2,7.2],"to":[8.275,8.8,8.6],"rotation":{"angle":0,"axis":"y","origin":[8,8.22553,7.9]},"faces":{"north":{"uv":[0,8.375,0.0625,8.5625],"texture":"#1"},"east":{"uv":[5,7.875,5.1875,8.0625],"texture":"#1"},"south":{"uv":[0.125,8.375,0.1875,8.5625],"texture":"#1"},"west":{"uv":[5.25,7.875,5.4375,8.0625],"texture":"#1"},"up":{"uv":[0.3125,8.5625,0.25,8.375],"texture":"#1"},"down":{"uv":[0.4375,8.375,0.375,8.5625],"texture":"#1"}}},{"from":[7.7,8.14424,7.00629],"to":[8.3,9.11924,7.98129],"rotation":{"angle":45,"axis":"x","origin":[8,8.22553,7.9]},"faces":{"north":{"uv":[5.5,8.375,5.5625,8.5],"texture":"#1"},"east":{"uv":[2.5,8.125,2.625,8.25],"texture":"#1"},"south":{"uv":[5.625,8.375,5.6875,8.5],"texture":"#1"},"west":{"uv":[2.625,8.125,2.75,8.25],"texture":"#1"},"up":{"uv":[5.8125,8.5,5.75,8.375],"texture":"#1"},"down":{"uv":[5.9375,8.375,5.875,8.5],"texture":"#1"}}},{"from":[7.7,7.01287,8.13766],"to":[8.3,7.98787,9.11266],"rotation":{"angle":45,"axis":"x","origin":[8,8.22553,7.9]},"faces":{"north":{"uv":[0.5,8.5,0.5625,8.625],"texture":"#1"},"east":{"uv":[2.75,8.125,2.875,8.25],"texture":"#1"},"south":{"uv":[0.625,8.5,0.6875,8.625],"texture":"#1"},"west":{"uv":[2.875,8.125,3,8.25],"texture":"#1"},"up":{"uv":[0.8125,8.625,0.75,8.5],"texture":"#1"},"down":{"uv":[0.9375,8.5,0.875,8.625],"texture":"#1"}}},{"from":[7.75,6.97981,9.13604],"to":[8.25,9.17981,9.53604],"rotation":{"angle":0,"axis":"y","origin":[8,8.22553,7.9]},"faces":{"north":{"uv":[1.5,8.125,1.5625,8.40625],"texture":"#1"},"east":{"uv":[1.625,8.125,1.6875,8.40625],"texture":"#1"},"south":{"uv":[1.75,8.125,1.8125,8.40625],"texture":"#1"},"west":{"uv":[1.875,8.125,1.9375,8.40625],"texture":"#1"},"up":{"uv":[3.3125,8.5625,3.25,8.5],"texture":"#1"},"down":{"uv":[3.4375,8.5,3.375,8.5625],"texture":"#1"}}},{"from":[7.75,6.80152,9.53771],"to":[8.25,8.50152,9.93771],"rotation":{"angle":45,"axis":"x","origin":[8,8.22553,7.9]},"faces":{"north":{"uv":[5,8.125,5.0625,8.34375],"texture":"#1"},"east":{"uv":[5.125,8.125,5.1875,8.34375],"texture":"#1"},"south":{"uv":[5.25,8.125,5.3125,8.34375],"texture":"#1"},"west":{"uv":[5.375,8.125,5.4375,8.34375],"texture":"#1"},"up":{"uv":[3.5625,8.5625,3.5,8.5],"texture":"#1"},"down":{"uv":[3.6875,8.5,3.625,8.5625],"texture":"#1"}}},{"from":[7.75,6.80152,5.86229],"to":[8.25,8.50152,6.26229],"rotation":{"angle":-45,"axis":"x","origin":[8,8.22553,7.9]},"faces":{"north":{"uv":[5.5,8.125,5.5625,8.34375],"texture":"#1"},"east":{"uv":[5.625,8.125,5.6875,8.34375],"texture":"#1"},"south":{"uv":[5.75,8.125,5.8125,8.34375],"texture":"#1"},"west":{"uv":[5.875,8.125,5.9375,8.34375],"texture":"#1"},"up":{"uv":[3.8125,8.5625,3.75,8.5],"texture":"#1"},"down":{"uv":[3.9375,8.5,3.875,8.5625],"texture":"#1"}}},{"from":[7.975,5.98063,-12.52404],"to":[7.975,26.98063,11.17596],"rotation":{"angle":-45,"axis":"x","origin":[8,8.22553,7.9]},"faces":{"north":{"uv":[0,0,0,2.625],"texture":"#1"},"east":{"uv":[0,0,2.96875,2.625],"texture":"#1"},"south":{"uv":[0,0,0,2.625],"texture":"#1"},"west":{"uv":[0,2.625,2.96875,5.25],"texture":"#1"},"up":{"uv":[0,2.96875,0,0],"texture":"#1"},"down":{"uv":[0,0,0,2.96875],"texture":"#1"}}},{"from":[8.075,5.98063,-12.52404],"to":[8.075,26.98063,11.17596],"rotation":{"angle":-45,"axis":"x","origin":[8,8.22553,7.9]},"faces":{"north":{"uv":[0,0,0,2.625],"texture":"#1"},"east":{"uv":[3,0,5.96875,2.625],"texture":"#1"},"south":{"uv":[0,0,0,2.625],"texture":"#1"},"west":{"uv":[3,2.625,5.96875,5.25],"texture":"#1"},"up":{"uv":[0,2.96875,0,0],"texture":"#1"},"down":{"uv":[0,0,0,2.96875],"texture":"#1"}}},{"from":[7.975,5.98063,4.82404],"to":[7.975,26.98063,28.52404],"rotation":{"angle":45,"axis":"x","origin":[8,8.22553,8.1]},"faces":{"north":{"uv":[0,0,0,2.625],"texture":"#1"},"east":{"uv":[6,0,8.96875,2.625],"texture":"#1"},"south":{"uv":[0,0,0,2.625],"texture":"#1"},"west":{"uv":[6,2.625,8.96875,5.25],"texture":"#1"},"up":{"uv":[0,2.96875,0,0],"texture":"#1"},"down":{"uv":[0,0,0,2.96875],"texture":"#1"}}},{"from":[8.075,5.98063,4.82404],"to":[8.075,26.98063,28.52404],"rotation":{"angle":45,"axis":"x","origin":[8,8.22553,8.1]},"faces":{"north":{"uv":[0,0,0,2.625],"texture":"#1"},"east":{"uv":[0,5.25,2.96875,7.875],"texture":"#1"},"south":{"uv":[0,0,0,2.625],"texture":"#1"},"west":{"uv":[3,5.25,5.96875,7.875],"texture":"#1"},"up":{"uv":[0,2.96875,0,0],"texture":"#1"},"down":{"uv":[0,0,0,2.96875],"texture":"#1"}}},{"from":[7.725,7.66379,9.40592],"to":[8.275,9.36379,9.90592],"rotation":{"angle":-22.5,"axis":"x","origin":[8,8.22553,7.9]},"faces":{"north":{"uv":[3,8.25,3.0625,8.46875],"texture":"#1"},"east":{"uv":[3.125,8.25,3.1875,8.46875],"texture":"#1"},"south":{"uv":[3.25,8.25,3.3125,8.46875],"texture":"#1"},"west":{"uv":[3.375,8.25,3.4375,8.46875],"texture":"#1"},"up":{"uv":[5.0625,8.5625,5,8.5],"texture":"#1"},"down":{"uv":[5.1875,8.5,5.125,8.5625],"texture":"#1"}}},{"from":[7.525,10.74586,13.85323],"to":[8.475,11.84586,14.45323],"rotation":{"angle":22.5,"axis":"x","origin":[8,8.22553,7.9]},"faces":{"north":{"uv":[3.25,8.125,3.375,8.25],"texture":"#1"},"east":{"uv":[1.75,8.5,1.8125,8.625],"texture":"#1"},"south":{"uv":[3.375,8.125,3.5,8.25],"texture":"#1"},"west":{"uv":[1.875,8.5,1.9375,8.625],"texture":"#1"},"up":{"uv":[2.125,8.5625,2,8.5],"texture":"#1"},"down":{"uv":[2.25,8.5,2.125,8.5625],"texture":"#1"}}},{"from":[7.525,11.84586,13.05323],"to":[8.475,13.14586,14.45323],"rotation":{"angle":22.5,"axis":"x","origin":[8,8.22553,7.9]},"faces":{"north":{"uv":[1.25,8.125,1.375,8.28125],"texture":"#1"},"east":{"uv":[0,8.125,0.1875,8.28125],"texture":"#1"},"south":{"uv":[1.375,8.125,1.5,8.28125],"texture":"#1"},"west":{"uv":[0.25,8.125,0.4375,8.28125],"texture":"#1"},"up":{"uv":[0.875,8.3125,0.75,8.125],"texture":"#1"},"down":{"uv":[1,8.125,0.875,8.3125],"texture":"#1"}}},{"from":[7.725,6.36379,9.40592],"to":[8.275,7.66379,15.30592],"rotation":{"angle":-22.5,"axis":"x","origin":[8,8.22553,7.9]},"faces":{"north":{"uv":[5.25,8.375,5.3125,8.53125],"texture":"#1"},"east":{"uv":[1.5,7.875,2.25,8.03125],"texture":"#1"},"south":{"uv":[5.375,8.375,5.4375,8.53125],"texture":"#1"},"west":{"uv":[2.25,7.875,3,8.03125],"texture":"#1"},"up":{"uv":[4.8125,8.625,4.75,7.875],"texture":"#1"},"down":{"uv":[4.9375,7.875,4.875,8.625],"texture":"#1"}}},{"from":[5.225,0.2,6.6],"to":[19.225,19.2,6.6],"rotation":{"angle":22.5,"axis":"y","origin":[8,8,8]},"faces":{"north":{"uv":[6,5.25,7.75,7.625],"texture":"#1"},"east":{"uv":[0,0,0,2.375],"texture":"#1"},"south":{"uv":[6,7.625,7.75,10],"texture":"#1"},"west":{"uv":[0,0,0,2.375],"texture":"#1"},"up":{"uv":[1.75,0,0,0],"texture":"#1"},"down":{"uv":[1.75,0,0,0],"texture":"#1"}}},{"from":[5.225,0.2,6.7],"to":[19.225,19.2,6.7],"rotation":{"angle":22.5,"axis":"y","origin":[8,8,8]},"faces":{"north":{"uv":[6,5.25,7.75,7.625],"texture":"#1"},"east":{"uv":[0,0,0,2.375],"texture":"#1"},"south":{"uv":[6,7.625,7.75,10],"texture":"#1"},"west":{"uv":[0,0,0,2.375],"texture":"#1"},"up":{"uv":[1.75,0,0,0],"texture":"#1"},"down":{"uv":[1.75,0,0,0],"texture":"#1"}}},{"from":[5.225,0.2,9.4],"to":[19.225,19.2,9.4],"rotation":{"angle":-22.5,"axis":"y","origin":[8,8,8]},"faces":{"north":{"uv":[7.75,5.25,9.5,7.625],"texture":"#1"},"east":{"uv":[0,0,0,2.375],"texture":"#1"},"south":{"uv":[7.75,7.625,9.5,10],"texture":"#1"},"west":{"uv":[0,0,0,2.375],"texture":"#1"},"up":{"uv":[1.75,0,0,0],"texture":"#1"},"down":{"uv":[1.75,0,0,0],"texture":"#1"}}},{"from":[5.225,0.2,9.3],"to":[19.225,19.2,9.3],"rotation":{"angle":-22.5,"axis":"y","origin":[8,8,8]},"faces":{"north":{"uv":[7.75,5.25,9.5,7.625],"texture":"#1"},"east":{"uv":[0,0,0,2.375],"texture":"#1"},"south":{"uv":[7.75,7.625,9.5,10],"texture":"#1"},"west":{"uv":[0,0,0,2.375],"texture":"#1"},"up":{"uv":[1.75,0,0,0],"texture":"#1"},"down":{"uv":[1.75,0,0,0],"texture":"#1"}}}],"gui_light":"front","display":{"thirdperson_righthand":{"rotation":[67.5,90,0],"translation":[0,0,-0.5],"scale":[0.47,0.47,0.47]},"thirdperson_lefthand":{"rotation":[-112.5,90,-180],"translation":[-6.5,-5.75,8],"scale":[1.56898,1.56898,1.56898]},"firstperson_righthand":{"rotation":[0,90,0],"translation":[1.75,1.5,0],"scale":[0.52219,0.52219,0.52219]},"firstperson_lefthand":{"scale":[0,0,0]},"ground":{"translation":[0,6,0],"scale":[1.2,1.2,1.2]},"gui":{"rotation":[0,90,0],"translation":[0,-0.75,0],"scale":[0.48648,0.48648,0.48648]},"head":{"scale":[0,0,0]},"fixed":{"rotation":[0,90,0],"translation":[0.25,-1,-1.75],"scale":[3.6,3.6,3.6]}},"mcmodels":"3f827dd3b97d20902651fa9aa04fe8d8"}