{"credit":"Made with Blockbench","texture_size":[72,72],"textures":{"2":"public_signs:bank_sign","particle":"public_signs:bank_sign"},"elements":[{"from":[-8,2,7.5],"to":[24,12,8.5],"rotation":{"angle":0,"axis":"y","origin":[-7,2,7]},"faces":{"north":{"uv":[0,0,7.11111,2.22222],"texture":"#2"},"east":{"uv":[0,8.88889,0.22222,11.11111],"texture":"#2"},"south":{"uv":[0,2.44444,7.11111,4.66667],"texture":"#2"},"west":{"uv":[0.44444,8.88889,0.66667,11.11111],"texture":"#2"},"up":{"uv":[14.44444,3.77778,7.33333,3.55556],"texture":"#2"},"down":{"uv":[14.44444,4,7.33333,4.22222],"texture":"#2"}}},{"from":[-8,12,7],"to":[24,14,9],"rotation":{"angle":0,"axis":"y","origin":[-11,11,7]},"faces":{"north":{"uv":[5.33333,4.88889,12.44444,5.33333],"texture":"#2"},"east":{"uv":[8.88889,8.88889,9.33333,9.33333],"texture":"#2"},"south":{"uv":[5.33333,5.55556,12.44444,6],"texture":"#2"},"west":{"uv":[9.11111,0,9.55556,0.44444],"texture":"#2"},"up":{"uv":[12.44444,6.66667,5.33333,6.22222],"texture":"#2"},"down":{"uv":[12.44444,6.88889,5.33333,7.33333],"texture":"#2"}}},{"from":[-11,10,7],"to":[-8,14,9],"rotation":{"angle":0,"axis":"y","origin":[-11,11,7]},"faces":{"north":{"uv":[8,7.55556,8.66667,8.44444],"texture":"#2"},"east":{"uv":[0.88889,8.88889,1.33333,9.77778],"texture":"#2"},"south":{"uv":[8,8.66667,8.66667,9.55556],"texture":"#2"},"west":{"uv":[1.55556,8.88889,2,9.77778],"texture":"#2"},"up":{"uv":[9.55556,8,8.88889,7.55556],"texture":"#2"},"down":{"uv":[9.55556,8.22222,8.88889,8.66667],"texture":"#2"}}},{"from":[24,10,7],"to":[27,14,9],"rotation":{"angle":0,"axis":"y","origin":[27,11,7]},"faces":{"north":{"uv":[8.66667,7.55556,8,8.44444],"texture":"#2"},"east":{"uv":[2,8.88889,1.55556,9.77778],"texture":"#2"},"south":{"uv":[8.66667,8.66667,8,9.55556],"texture":"#2"},"west":{"uv":[1.33333,8.88889,0.88889,9.77778],"texture":"#2"},"up":{"uv":[8.88889,8,9.55556,7.55556],"texture":"#2"},"down":{"uv":[8.88889,8.22222,9.55556,8.66667],"texture":"#2"}}},{"from":[-8,0,7],"to":[24,2,9],"rotation":{"angle":0,"axis":"y","origin":[-11,3,7]},"faces":{"north":{"uv":[5.33333,5.33333,12.44444,4.88889],"texture":"#2"},"east":{"uv":[8.88889,9.33333,9.33333,8.88889],"texture":"#2"},"south":{"uv":[5.33333,6,12.44444,5.55556],"texture":"#2"},"west":{"uv":[9.11111,0.44444,9.55556,0],"texture":"#2"},"up":{"uv":[12.44444,7.33333,5.33333,6.88889],"texture":"#2"},"down":{"uv":[12.44444,6.22222,5.33333,6.66667],"texture":"#2"}}},{"from":[-11,0,7],"to":[-8,4,9],"rotation":{"angle":0,"axis":"y","origin":[-11,3,7]},"faces":{"north":{"uv":[8,8.44444,8.66667,7.55556],"texture":"#2"},"east":{"uv":[0.88889,9.77778,1.33333,8.88889],"texture":"#2"},"south":{"uv":[8,9.55556,8.66667,8.66667],"texture":"#2"},"west":{"uv":[1.55556,9.77778,2,8.88889],"texture":"#2"},"up":{"uv":[9.55556,8.66667,8.88889,8.22222],"texture":"#2"},"down":{"uv":[9.55556,7.55556,8.88889,8],"texture":"#2"}}},{"from":[24,0,7],"to":[27,4,9],"rotation":{"angle":0,"axis":"y","origin":[27,3,7]},"faces":{"north":{"uv":[8.66667,8.44444,8,7.55556],"texture":"#2"},"east":{"uv":[2,9.77778,1.55556,8.88889],"texture":"#2"},"south":{"uv":[8.66667,9.55556,8,8.66667],"texture":"#2"},"west":{"uv":[1.33333,9.77778,0.88889,8.88889],"texture":"#2"},"up":{"uv":[8.88889,8.66667,9.55556,8.22222],"texture":"#2"},"down":{"uv":[8.88889,7.55556,9.55556,8],"texture":"#2"}}},{"from":[-6,16.025,7],"to":[-4,17.025,9],"rotation":{"angle":0,"axis":"y","origin":[-2,16.025,8]},"faces":{"north":{"uv":[9.11111,2,9.55556,2.22222],"texture":"#2"},"east":{"uv":[9.11111,2.44444,9.55556,2.66667],"texture":"#2"},"south":{"uv":[9.11111,2.88889,9.55556,3.11111],"texture":"#2"},"west":{"uv":[9.11111,4.44444,9.55556,4.66667],"texture":"#2"},"up":{"uv":[9.55556,1.11111,9.11111,0.66667],"texture":"#2"},"down":{"uv":[9.55556,1.33333,9.11111,1.77778],"texture":"#2"}}},{"from":[-1,16.025,7],"to":[1,17.025,9],"rotation":{"angle":0,"axis":"y","origin":[-3,16.025,8]},"faces":{"north":{"uv":[9.55556,2,9.11111,2.22222],"texture":"#2"},"east":{"uv":[9.55556,4.44444,9.11111,4.66667],"texture":"#2"},"south":{"uv":[9.55556,2.88889,9.11111,3.11111],"texture":"#2"},"west":{"uv":[9.55556,2.44444,9.11111,2.66667],"texture":"#2"},"up":{"uv":[9.11111,1.11111,9.55556,0.66667],"texture":"#2"},"down":{"uv":[9.11111,1.33333,9.55556,1.77778],"texture":"#2"}}},{"from":[-6,16.025,12],"to":[-4,17.025,14],"rotation":{"angle":0,"axis":"y","origin":[-2,16.025,13]},"faces":{"north":{"uv":[9.55556,2.88889,9.11111,3.11111],"texture":"#2"},"east":{"uv":[9.55556,2.44444,9.11111,2.66667],"texture":"#2"},"south":{"uv":[9.55556,2,9.11111,2.22222],"texture":"#2"},"west":{"uv":[9.55556,4.44444,9.11111,4.66667],"texture":"#2"},"up":{"uv":[9.55556,0.66667,9.11111,1.11111],"texture":"#2"},"down":{"uv":[9.55556,1.77778,9.11111,1.33333],"texture":"#2"}}},{"from":[-1,16.025,12],"to":[1,17.025,14],"rotation":{"angle":0,"axis":"y","origin":[-3,16.025,13]},"faces":{"north":{"uv":[9.11111,2.88889,9.55556,3.11111],"texture":"#2"},"east":{"uv":[9.11111,4.44444,9.55556,4.66667],"texture":"#2"},"south":{"uv":[9.11111,2,9.55556,2.22222],"texture":"#2"},"west":{"uv":[9.11111,2.44444,9.55556,2.66667],"texture":"#2"},"up":{"uv":[9.11111,0.66667,9.55556,1.11111],"texture":"#2"},"down":{"uv":[9.11111,1.77778,9.55556,1.33333],"texture":"#2"}}},{"from":[-6,17.025,7],"to":[1,18.025,14],"rotation":{"angle":0,"axis":"y","origin":[-2,16.025,8]},"faces":{"north":{"uv":[5.77778,8.88889,7.33333,9.11111],"texture":"#2"},"east":{"uv":[5.77778,8.88889,7.33333,9.11111],"texture":"#2"},"south":{"uv":[5.77778,8.88889,7.33333,9.11111],"texture":"#2"},"west":{"uv":[5.77778,8.88889,7.33333,9.11111],"texture":"#2"},"up":{"uv":[8.88889,1.55556,7.33333,0],"texture":"#2"},"down":{"uv":[8.88889,1.77778,7.33333,3.33333],"texture":"#2"}}},{"from":[-5,0.025,8],"to":[0,17.025,13],"rotation":{"angle":0,"axis":"y","origin":[-2,0.025,8]},"faces":{"north":{"uv":[0,4.88889,1.11111,8.66667],"texture":"#2"},"east":{"uv":[0,4.88889,1.11111,8.66667],"texture":"#2"},"south":{"uv":[0,4.88889,1.11111,8.66667],"texture":"#2"},"west":{"uv":[0,4.88889,1.11111,8.66667],"texture":"#2"},"up":{"uv":[6.44444,8.66667,5.33333,7.55556],"texture":"#2"},"down":{"uv":[7.77778,7.55556,6.66667,8.66667],"texture":"#2"}}},{"from":[20,16.025,7],"to":[22,17.025,9],"rotation":{"angle":0,"axis":"y","origin":[18,16.025,8]},"faces":{"north":{"uv":[9.55556,2,9.11111,2.22222],"texture":"#2"},"east":{"uv":[9.55556,4.44444,9.11111,4.66667],"texture":"#2"},"south":{"uv":[9.55556,2.88889,9.11111,3.11111],"texture":"#2"},"west":{"uv":[9.55556,2.44444,9.11111,2.66667],"texture":"#2"},"up":{"uv":[9.11111,1.11111,9.55556,0.66667],"texture":"#2"},"down":{"uv":[9.11111,1.33333,9.55556,1.77778],"texture":"#2"}}},{"from":[15,16.025,7],"to":[17,17.025,9],"rotation":{"angle":0,"axis":"y","origin":[19,16.025,8]},"faces":{"north":{"uv":[9.11111,2,9.55556,2.22222],"texture":"#2"},"east":{"uv":[9.11111,2.44444,9.55556,2.66667],"texture":"#2"},"south":{"uv":[9.11111,2.88889,9.55556,3.11111],"texture":"#2"},"west":{"uv":[9.11111,4.44444,9.55556,4.66667],"texture":"#2"},"up":{"uv":[9.55556,1.11111,9.11111,0.66667],"texture":"#2"},"down":{"uv":[9.55556,1.33333,9.11111,1.77778],"texture":"#2"}}},{"from":[20,16.025,12],"to":[22,17.025,14],"rotation":{"angle":0,"axis":"y","origin":[18,16.025,13]},"faces":{"north":{"uv":[9.11111,2.88889,9.55556,3.11111],"texture":"#2"},"east":{"uv":[9.11111,4.44444,9.55556,4.66667],"texture":"#2"},"south":{"uv":[9.11111,2,9.55556,2.22222],"texture":"#2"},"west":{"uv":[9.11111,2.44444,9.55556,2.66667],"texture":"#2"},"up":{"uv":[9.11111,0.66667,9.55556,1.11111],"texture":"#2"},"down":{"uv":[9.11111,1.77778,9.55556,1.33333],"texture":"#2"}}},{"from":[15,16.025,12],"to":[17,17.025,14],"rotation":{"angle":0,"axis":"y","origin":[19,16.025,13]},"faces":{"north":{"uv":[9.55556,2.88889,9.11111,3.11111],"texture":"#2"},"east":{"uv":[9.55556,2.44444,9.11111,2.66667],"texture":"#2"},"south":{"uv":[9.55556,2,9.11111,2.22222],"texture":"#2"},"west":{"uv":[9.55556,4.44444,9.11111,4.66667],"texture":"#2"},"up":{"uv":[9.55556,0.66667,9.11111,1.11111],"texture":"#2"},"down":{"uv":[9.55556,1.77778,9.11111,1.33333],"texture":"#2"}}},{"from":[15,17.025,7],"to":[22,18.025,14],"rotation":{"angle":0,"axis":"y","origin":[18,16.025,8]},"faces":{"north":{"uv":[7.33333,8.88889,5.77778,9.11111],"texture":"#2"},"east":{"uv":[7.33333,8.88889,5.77778,9.11111],"texture":"#2"},"south":{"uv":[7.33333,8.88889,5.77778,9.11111],"texture":"#2"},"west":{"uv":[7.33333,8.88889,5.77778,9.11111],"texture":"#2"},"up":{"uv":[7.33333,1.55556,8.88889,0],"texture":"#2"},"down":{"uv":[7.33333,1.77778,8.88889,3.33333],"texture":"#2"}}},{"from":[16,0.025,8],"to":[21,17.025,13],"rotation":{"angle":0,"axis":"y","origin":[18,0.025,8]},"faces":{"north":{"uv":[1.11111,4.88889,0,8.66667],"texture":"#2"},"east":{"uv":[1.11111,4.88889,0,8.66667],"texture":"#2"},"south":{"uv":[1.11111,4.88889,0,8.66667],"texture":"#2"},"west":{"uv":[1.11111,4.88889,0,8.66667],"texture":"#2"},"up":{"uv":[5.33333,8.66667,6.44444,7.55556],"texture":"#2"},"down":{"uv":[6.66667,7.55556,7.77778,8.66667],"texture":"#2"}}}],"display":{"thirdperson_righthand":{"rotation":[75,45,0],"translation":[0,2.5,0],"scale":[0.375,0.375,0.375]},"thirdperson_lefthand":{"rotation":[75,45,0],"translation":[0,2.5,0],"scale":[0.375,0.375,0.375]},"firstperson_righthand":{"rotation":[-180,62.5,-180],"translation":[-1,3.75,1],"scale":[0.4,0.4,0.4]},"firstperson_lefthand":{"rotation":[-180,62.5,-180],"translation":[-1,3.75,1],"scale":[0.4,0.4,0.4]},"ground":{"rotation":[45,0,0],"translation":[0,1,0],"scale":[0.37,0.37,0.37]},"gui":{"rotation":[35,135,0],"translation":[0,-0.5,0],"scale":[0.55,0.55,0.55]},"head":{"scale":[0,0,0]},"fixed":{"translation":[0,16,-20],"scale":[4,4,4]}},"mcmodels":"5a535c03ec24a1bf784fed1cb448665b"}