{"credit":"Made with Blockbench","texture_size":[80,80],"textures":{"2":"public_signs:petshop_sign"},"elements":[{"from":[-6,0,6],"to":[22,8,7],"rotation":{"angle":0,"axis":"y","origin":[7,0,5]},"faces":{"north":{"uv":[4.2,0,9.8,1.6],"texture":"#2"},"east":{"uv":[8.4,9.8,8.6,11.4],"texture":"#2"},"south":{"uv":[4.2,0,9.8,1.6],"texture":"#2"},"west":{"uv":[8.8,9.8,9,11.4],"texture":"#2"},"up":{"uv":[15.6,2.2,10,2],"texture":"#2"},"down":{"uv":[15.6,2.4,10,2.6],"texture":"#2"}}},{"from":[-6,0,5.75],"to":[22,8,5.75],"rotation":{"angle":0,"axis":"y","origin":[7,0,5.75]},"faces":{"north":{"uv":[4.2,3.6,9.8,5.2],"texture":"#2"},"east":{"uv":[9.2,9.8,9.2,11.4],"texture":"#2"},"south":{"uv":[4.2,3.6,9.8,5.2],"texture":"#2"},"west":{"uv":[10,3.2,10,4.8],"texture":"#2"},"up":{"uv":[15.6,5,10,5],"texture":"#2"},"down":{"uv":[15.6,5.2,10,5.2],"texture":"#2"}}},{"from":[-14,-2,6.5],"to":[-2,10,6.5],"rotation":{"angle":0,"axis":"y","origin":[-8,3,4.5]},"faces":{"north":{"uv":[4.2,7.2,6.6,9.6],"texture":"#2"},"east":{"uv":[5.4,10.2,5.4,12.6],"texture":"#2"},"south":{"uv":[6.6,7.2,4.2,9.6],"texture":"#2"},"west":{"uv":[5.6,10.2,5.6,12.6],"texture":"#2"},"up":{"uv":[12.4,5.4,10,5.4],"texture":"#2"},"down":{"uv":[12.4,5.6,10,5.6],"texture":"#2"}}},{"from":[18,-2,6.5],"to":[30,10,6.5],"rotation":{"angle":0,"axis":"y","origin":[24,3,4.5]},"faces":{"north":{"uv":[6.6,7.2,4.2,9.6],"texture":"#2"},"east":{"uv":[5.6,10.2,5.6,12.6],"texture":"#2"},"south":{"uv":[4.2,7.2,6.6,9.6],"texture":"#2"},"west":{"uv":[5.4,10.2,5.4,12.6],"texture":"#2"},"up":{"uv":[10,5.4,12.4,5.4],"texture":"#2"},"down":{"uv":[10,5.6,12.4,5.6],"texture":"#2"}}},{"from":[-2,0,7],"to":[18,20,12],"rotation":{"angle":0,"axis":"y","origin":[0,0,7]},"faces":{"north":{"uv":[0,0,4,4],"texture":"#2"},"east":{"uv":[1.2,8.4,2.2,12.4],"texture":"#2"},"south":{"uv":[0,4.2,4,8.2],"texture":"#2"},"west":{"uv":[1.2,8.4,2.2,12.4],"texture":"#2"},"up":{"uv":[13.4,8.2,9.4,7.2],"texture":"#2"},"down":{"uv":[13.4,8.4,9.4,9.4],"texture":"#2"}}},{"from":[-2,20,7],"to":[18,24,7],"rotation":{"angle":0,"axis":"y","origin":[0,20,7]},"faces":{"north":{"uv":[10,0,14,0.8],"texture":"#2"},"east":{"uv":[4,8.4,4,9.2],"texture":"#2"},"south":{"uv":[14,0,10,0.8],"texture":"#2"},"west":{"uv":[10,5.8,10,6.6],"texture":"#2"},"up":{"uv":[14,6.8,10,6.8],"texture":"#2"},"down":{"uv":[14,7,10,7],"texture":"#2"}}},{"from":[-2,20,12],"to":[18,24,12],"rotation":{"angle":0,"axis":"y","origin":[0,20,12]},"faces":{"north":{"uv":[10,0,14,0.8],"texture":"#2"},"east":{"uv":[4,8.4,4,9.2],"texture":"#2"},"south":{"uv":[14,0,10,0.8],"texture":"#2"},"west":{"uv":[10,5.8,10,6.6],"texture":"#2"},"up":{"uv":[14,6.8,10,6.8],"texture":"#2"},"down":{"uv":[14,7,10,7],"texture":"#2"}}},{"from":[-5.08551,19.80866,6],"to":[8.91449,20.80866,13],"rotation":{"angle":22.5,"axis":"z","origin":[-0.58551,20.30866,9]},"faces":{"north":{"uv":[5.4,9.8,8.2,10],"texture":"#2"},"east":{"uv":[2.4,8.4,3.8,8.6],"texture":"#2"},"south":{"uv":[10,2.8,12.8,3],"texture":"#2"},"west":{"uv":[2.4,8.8,3.8,9],"texture":"#2"},"up":{"uv":[12.2,11,9.4,9.6],"texture":"#2"},"down":{"uv":[5.2,9.8,2.4,11.2],"texture":"#2"}}},{"from":[7.08551,19.80866,5.975],"to":[21.08551,20.80866,12.975],"rotation":{"angle":-22.5,"axis":"z","origin":[16.58551,20.30866,8.975]},"faces":{"north":{"uv":[8.2,9.8,5.4,10],"texture":"#2"},"east":{"uv":[3.8,8.8,2.4,9],"texture":"#2"},"south":{"uv":[12.8,2.8,10,3],"texture":"#2"},"west":{"uv":[3.8,8.4,2.4,8.6],"texture":"#2"},"up":{"uv":[9.4,11,12.2,9.6],"texture":"#2"},"down":{"uv":[2.4,9.8,5.2,11.2],"texture":"#2"}}}],"display":{"thirdperson_righthand":{"rotation":[75,45,0],"translation":[0,2.5,0],"scale":[0.375,0.375,0.375]},"thirdperson_lefthand":{"rotation":[75,45,0],"translation":[0,2.5,0],"scale":[0.375,0.375,0.375]},"firstperson_righthand":{"rotation":[-180,62.5,-180],"translation":[-1,3.75,1],"scale":[0.4,0.4,0.4]},"firstperson_lefthand":{"rotation":[-180,62.5,-180],"translation":[-1,3.75,1],"scale":[0.4,0.4,0.4]},"ground":{"rotation":[45,0,0],"translation":[0,1,0],"scale":[0.37,0.37,0.37]},"gui":{"rotation":[35,141,0],"translation":[0,-0.25,0],"scale":[0.51,0.51,0.51]},"head":{"scale":[0,0,0]},"fixed":{"translation":[0,16,-16],"scale":[4,4,4]}},"mcmodels":"5a535c03ec24a1bf784fed1cb448665b"}