{"credit":"Blockbench","textures":{"1":"infinitecrops:item/crops/corn/stage_4","2":"infinitecrops:item/crops/corn/leaf","3":"infinitecrops:item/crops/corn/corn","particle":"infinitecrops:item/crops/corn/leaf"},"elements":[{"from":[1,0,8],"to":[15.2,25,8],"faces":{"north":{"uv":[0,0,16,16],"texture":"#1"},"east":{"uv":[0,0,0,16],"texture":"#1"},"south":{"uv":[0,0,16,16],"texture":"#1"},"west":{"uv":[0,0,0,16],"texture":"#1"},"up":{"uv":[0,0,16,0],"texture":"#1"},"down":{"uv":[0,0,16,0],"texture":"#1"}}},{"from":[8.1,0,0.8],"to":[8.1,25,15.2],"faces":{"north":{"uv":[0,0,0,16],"texture":"#1"},"east":{"uv":[0,0,16,16],"texture":"#1"},"south":{"uv":[0,0,0,16],"texture":"#1"},"west":{"uv":[16,0,0,16],"texture":"#1"},"up":{"uv":[0,0,16,0],"rotation":270,"texture":"#1"},"down":{"uv":[0,0,16,0],"rotation":90,"texture":"#1"}}},{"from":[7.3043,8.14646,8.94944],"to":[8.8583,11.86546,10.39244],"rotation":{"angle":45,"axis":"x","origin":[8.0813,9.75596,9.33794]},"faces":{"north":{"uv":[10.43334,0,5.51111,16],"texture":"#3"},"east":{"uv":[10.43334,0,5.51111,16],"texture":"#3"},"south":{"uv":[10.43334,0,5.51111,16],"texture":"#3"},"west":{"uv":[10.43334,0,5.51111,16],"texture":"#3"},"up":{"uv":[10.43334,0,5.51111,5.15556],"texture":"#3"},"down":{"uv":[10.43334,13.68889,5.51111,16],"texture":"#3"}}},{"from":[1.1771,8.54949,6.91894],"to":[4.4738,8.54949,9.41644],"rotation":{"angle":22.5,"axis":"z","origin":[2.4758,8.54949,8.41744]},"faces":{"north":{"uv":[11.42857,4.34286,4.57143,10.74286],"texture":"#2"},"east":{"uv":[11.42857,4.34286,4.57143,10.74286],"texture":"#2"},"south":{"uv":[11.42857,4.34286,4.57143,10.74286],"texture":"#2"},"west":{"uv":[11.42857,4.34286,4.57143,10.74286],"texture":"#2"},"up":{"uv":[4.57143,10.74286,11.42857,4.34286],"rotation":90,"texture":"#2"},"down":{"uv":[4.57143,4.34286,11.42857,10.74286],"rotation":270,"texture":"#2"}}},{"from":[6.7715,8.54949,1.08906],"to":[9.269,8.54949,4.38576],"rotation":{"angle":-22.5,"axis":"x","origin":[8.27,8.54949,2.38776]},"faces":{"north":{"uv":[4.57143,4.34286,11.42857,10.74286],"texture":"#2"},"east":{"uv":[4.57143,4.34286,11.42857,10.74286],"texture":"#2"},"south":{"uv":[4.57143,4.34286,11.42857,10.74286],"texture":"#2"},"west":{"uv":[4.57143,4.34286,11.42857,10.74286],"texture":"#2"},"up":{"uv":[4.57143,4.34286,11.42857,10.74286],"texture":"#2"},"down":{"uv":[4.57143,10.74286,11.42857,4.34286],"texture":"#2"}}},{"from":[6.7715,9.31575,5.82294],"to":[9.269,9.31575,9.81894],"rotation":{"angle":22.5,"axis":"x","origin":[-5.716,13.31175,5.02374]},"faces":{"north":{"uv":[4.57143,10.51429,11.42857,16],"texture":"#2"},"east":{"uv":[4.57143,10.51429,11.42857,16],"texture":"#2"},"south":{"uv":[4.57143,10.51429,11.42857,16],"texture":"#2"},"west":{"uv":[4.57143,10.51429,11.42857,16],"texture":"#2"},"up":{"uv":[4.57143,10.51429,11.42857,16],"texture":"#2"},"down":{"uv":[4.57143,16,11.42857,10.51429],"texture":"#2"}}},{"from":[7.3043,8.14646,5.60756],"to":[8.8583,11.86546,7.05056],"rotation":{"angle":-45,"axis":"x","origin":[8.0813,9.75596,6.66206]},"faces":{"north":{"uv":[5.51111,0,10.43334,16],"texture":"#3"},"east":{"uv":[5.51111,0,10.43334,16],"texture":"#3"},"south":{"uv":[5.51111,0,10.43334,16],"texture":"#3"},"west":{"uv":[5.51111,0,10.43334,16],"texture":"#3"},"up":{"uv":[10.43334,5.15556,5.51111,0],"texture":"#3"},"down":{"uv":[10.43334,16,5.51111,13.68889],"texture":"#3"}}},{"from":[5.91098,9.31575,6.91894],"to":[9.90698,9.31575,9.41644],"rotation":{"angle":-22.5,"axis":"z","origin":[5.11178,13.31175,-5.56856]},"faces":{"north":{"uv":[11.42857,10.51429,4.57143,16],"texture":"#2"},"east":{"uv":[11.42857,10.51429,4.57143,16],"texture":"#2"},"south":{"uv":[11.42857,10.51429,4.57143,16],"texture":"#2"},"west":{"uv":[11.42857,10.51429,4.57143,16],"texture":"#2"},"up":{"uv":[4.57143,16,11.42857,10.51429],"rotation":90,"texture":"#2"},"down":{"uv":[4.57143,10.51429,11.42857,16],"rotation":270,"texture":"#2"}}},{"from":[8.89066,4.39563,6.91894],"to":[12.88666,4.39563,9.41644],"rotation":{"angle":22.5,"axis":"z","origin":[-0.06028,3.92115,-5.56856]},"faces":{"north":{"uv":[4.57143,10.51429,11.42857,16],"texture":"#2"},"east":{"uv":[4.57143,10.51429,11.42857,16],"texture":"#2"},"south":{"uv":[4.57143,10.51429,11.42857,16],"texture":"#2"},"west":{"uv":[4.57143,10.51429,11.42857,16],"texture":"#2"},"up":{"uv":[4.57143,10.51429,11.42857,16],"rotation":90,"texture":"#2"},"down":{"uv":[4.57143,16,11.42857,10.51429],"rotation":270,"texture":"#2"}}},{"from":[8.75837,13.41123,6.91894],"to":[12.05507,13.41123,9.41644],"rotation":{"angle":-22.5,"axis":"z","origin":[-0.06028,3.92115,-5.56856]},"faces":{"north":{"uv":[4.57143,4.34286,11.42857,10.74286],"texture":"#2"},"east":{"uv":[4.57143,4.34286,11.42857,10.74286],"texture":"#2"},"south":{"uv":[4.57143,4.34286,11.42857,10.74286],"texture":"#2"},"west":{"uv":[4.57143,4.34286,11.42857,10.74286],"texture":"#2"},"up":{"uv":[4.57143,4.34286,11.42857,10.74286],"rotation":90,"texture":"#2"},"down":{"uv":[4.57143,10.74286,11.42857,4.34286],"rotation":270,"texture":"#2"}}},{"from":[6.7715,8.54949,11.61424],"to":[9.269,8.54949,14.91094],"rotation":{"angle":22.5,"axis":"x","origin":[8.27,8.54949,13.61224]},"faces":{"north":{"uv":[11.42857,4.34286,4.57143,10.74286],"texture":"#2"},"east":{"uv":[11.42857,4.34286,4.57143,10.74286],"texture":"#2"},"south":{"uv":[11.42857,4.34286,4.57143,10.74286],"texture":"#2"},"west":{"uv":[11.42857,4.34286,4.57143,10.74286],"texture":"#2"},"up":{"uv":[4.57143,10.74286,11.42857,4.34286],"texture":"#2"},"down":{"uv":[4.57143,4.34286,11.42857,10.74286],"texture":"#2"}}},{"from":[6.7715,9.31575,6.18106],"to":[9.269,9.31575,10.17706],"rotation":{"angle":-22.5,"axis":"x","origin":[-5.716,13.31175,10.97626]},"faces":{"north":{"uv":[11.42857,10.51429,4.57143,16],"texture":"#2"},"east":{"uv":[11.42857,10.51429,4.57143,16],"texture":"#2"},"south":{"uv":[11.42857,10.51429,4.57143,16],"texture":"#2"},"west":{"uv":[11.42857,10.51429,4.57143,16],"texture":"#2"},"up":{"uv":[4.57143,16,11.42857,10.51429],"texture":"#2"},"down":{"uv":[4.57143,10.51429,11.42857,16],"texture":"#2"}}},{"from":[7.3043,18.24746,5.50487],"to":[8.8583,21.76646,6.94787],"rotation":{"angle":-45,"axis":"x","origin":[8.0813,19.85696,6.55937]},"faces":{"north":{"uv":[10.43334,0,5.51111,16],"texture":"#3"},"east":{"uv":[10.43334,0,5.51111,16],"texture":"#3"},"south":{"uv":[10.43334,0,5.51111,16],"texture":"#3"},"west":{"uv":[10.43334,0,5.51111,16],"texture":"#3"},"up":{"uv":[10.43334,0,5.51111,5.15556],"texture":"#3"},"down":{"uv":[10.43334,13.68889,5.51111,16],"texture":"#3"}}},{"from":[1.1771,18.65049,6.48087],"to":[4.4738,18.65049,8.97837],"rotation":{"angle":22.5,"axis":"z","origin":[2.4758,18.65049,7.47987]},"faces":{"north":{"uv":[4.57143,4.34286,11.42857,10.74286],"texture":"#2"},"east":{"uv":[4.57143,4.34286,11.42857,10.74286],"texture":"#2"},"south":{"uv":[4.57143,4.34286,11.42857,10.74286],"texture":"#2"},"west":{"uv":[4.57143,4.34286,11.42857,10.74286],"texture":"#2"},"up":{"uv":[11.42857,10.74286,4.57143,4.34286],"rotation":90,"texture":"#2"},"down":{"uv":[11.42857,4.34286,4.57143,10.74286],"rotation":270,"texture":"#2"}}},{"from":[5.91098,19.41675,6.48087],"to":[9.90698,19.41675,8.97837],"rotation":{"angle":-22.5,"axis":"z","origin":[5.11178,23.41275,21.46587]},"faces":{"north":{"uv":[4.57143,10.51429,11.42857,16],"texture":"#2"},"east":{"uv":[4.57143,10.51429,11.42857,16],"texture":"#2"},"south":{"uv":[4.57143,10.51429,11.42857,16],"texture":"#2"},"west":{"uv":[4.57143,10.51429,11.42857,16],"texture":"#2"},"up":{"uv":[11.42857,16,4.57143,10.51429],"rotation":90,"texture":"#2"},"down":{"uv":[11.42857,10.51429,4.57143,16],"rotation":270,"texture":"#2"}}},{"from":[8.89066,14.49663,6.48087],"to":[12.88666,14.49663,8.97837],"rotation":{"angle":22.5,"axis":"z","origin":[-0.06028,14.02215,21.46587]},"faces":{"north":{"uv":[11.42857,10.51429,4.57143,16],"texture":"#2"},"east":{"uv":[11.42857,10.51429,4.57143,16],"texture":"#2"},"south":{"uv":[11.42857,10.51429,4.57143,16],"texture":"#2"},"west":{"uv":[11.42857,10.51429,4.57143,16],"texture":"#2"},"up":{"uv":[11.42857,10.51429,4.57143,16],"rotation":90,"texture":"#2"},"down":{"uv":[11.42857,16,4.57143,10.51429],"rotation":270,"texture":"#2"}}},{"from":[8.75837,23.51223,6.48087],"to":[12.05507,23.51223,8.97837],"rotation":{"angle":-22.5,"axis":"z","origin":[-0.06028,14.02215,21.46587]},"faces":{"north":{"uv":[11.42857,4.34286,4.57143,10.74286],"texture":"#2"},"east":{"uv":[11.42857,4.34286,4.57143,10.74286],"texture":"#2"},"south":{"uv":[11.42857,4.34286,4.57143,10.74286],"texture":"#2"},"west":{"uv":[11.42857,4.34286,4.57143,10.74286],"texture":"#2"},"up":{"uv":[11.42857,4.34286,4.57143,10.74286],"rotation":90,"texture":"#2"},"down":{"uv":[11.42857,10.74286,4.57143,4.34286],"rotation":270,"texture":"#2"}}},{"from":[6.7715,18.65049,0.98637],"to":[9.269,18.65049,4.28307],"rotation":{"angle":-22.5,"axis":"x","origin":[8.27,18.65049,2.28507]},"faces":{"north":{"uv":[4.57143,4.34286,11.42857,10.74286],"texture":"#2"},"east":{"uv":[4.57143,4.34286,11.42857,10.74286],"texture":"#2"},"south":{"uv":[4.57143,4.34286,11.42857,10.74286],"texture":"#2"},"west":{"uv":[4.57143,4.34286,11.42857,10.74286],"texture":"#2"},"up":{"uv":[4.57143,4.34286,11.42857,10.74286],"texture":"#2"},"down":{"uv":[4.57143,10.74286,11.42857,4.34286],"texture":"#2"}}},{"from":[6.7715,19.41675,5.72025],"to":[9.269,19.41675,9.71625],"rotation":{"angle":22.5,"axis":"x","origin":[-5.716,23.41275,4.92105]},"faces":{"north":{"uv":[4.57143,10.51429,11.42857,16],"texture":"#2"},"east":{"uv":[4.57143,10.51429,11.42857,16],"texture":"#2"},"south":{"uv":[4.57143,10.51429,11.42857,16],"texture":"#2"},"west":{"uv":[4.57143,10.51429,11.42857,16],"texture":"#2"},"up":{"uv":[4.57143,10.51429,11.42857,16],"texture":"#2"},"down":{"uv":[4.57143,16,11.42857,10.51429],"texture":"#2"}}},{"from":[9.0358,13.47446,7.13637],"to":[10.4788,17.20446,8.69037],"rotation":{"angle":-45,"axis":"z","origin":[9.4243,15.08396,7.91337]},"faces":{"north":{"uv":[10.43334,0,5.51111,16],"texture":"#3"},"east":{"uv":[10.43334,0,5.51111,16],"texture":"#3"},"south":{"uv":[10.43334,0,5.51111,16],"texture":"#3"},"west":{"uv":[10.43334,0,5.51111,16],"texture":"#3"},"up":{"uv":[10.43334,5.15556,5.51111,0],"rotation":90,"texture":"#3"},"down":{"uv":[10.43334,13.68889,5.51111,16],"texture":"#3"}}},{"from":[7.0053,13.87749,1.00917],"to":[9.5028,13.87749,4.30587],"rotation":{"angle":-22.5,"axis":"x","origin":[8.5038,13.87749,2.30787]},"faces":{"north":{"uv":[4.57143,4.34286,11.42857,10.74286],"texture":"#2"},"east":{"uv":[4.57143,4.34286,11.42857,10.74286],"texture":"#2"},"south":{"uv":[4.57143,4.34286,11.42857,10.74286],"texture":"#2"},"west":{"uv":[4.57143,4.34286,11.42857,10.74286],"texture":"#2"},"up":{"uv":[11.42857,10.74286,4.57143,4.34286],"rotation":180,"texture":"#2"},"down":{"uv":[11.42857,4.34286,4.57143,10.74286],"rotation":180,"texture":"#2"}}},{"from":[7.0053,14.64375,5.74305],"to":[9.5028,14.64375,9.73905],"rotation":{"angle":22.5,"axis":"x","origin":[-5.4822,18.63975,4.94385]},"faces":{"north":{"uv":[4.57143,10.51429,11.42857,16],"texture":"#2"},"east":{"uv":[4.57143,10.51429,11.42857,16],"texture":"#2"},"south":{"uv":[4.57143,10.51429,11.42857,16],"texture":"#2"},"west":{"uv":[4.57143,10.51429,11.42857,16],"texture":"#2"},"up":{"uv":[11.42857,16,4.57143,10.51429],"rotation":180,"texture":"#2"},"down":{"uv":[11.42857,10.51429,4.57143,16],"rotation":180,"texture":"#2"}}},{"from":[7.0053,9.72363,8.72272],"to":[9.5028,9.72363,12.71872],"rotation":{"angle":-22.5,"axis":"x","origin":[-5.4822,9.24915,-0.22822]},"faces":{"north":{"uv":[11.42857,10.51429,4.57143,16],"texture":"#2"},"east":{"uv":[11.42857,10.51429,4.57143,16],"texture":"#2"},"south":{"uv":[11.42857,10.51429,4.57143,16],"texture":"#2"},"west":{"uv":[11.42857,10.51429,4.57143,16],"texture":"#2"},"up":{"uv":[11.42857,10.51429,4.57143,16],"rotation":180,"texture":"#2"},"down":{"uv":[11.42857,16,4.57143,10.51429],"rotation":180,"texture":"#2"}}},{"from":[7.0053,18.73923,8.59043],"to":[9.5028,18.73923,11.88713],"rotation":{"angle":22.5,"axis":"x","origin":[-5.4822,9.24915,-0.22822]},"faces":{"north":{"uv":[11.42857,4.34286,4.57143,10.74286],"texture":"#2"},"east":{"uv":[11.42857,4.34286,4.57143,10.74286],"texture":"#2"},"south":{"uv":[11.42857,4.34286,4.57143,10.74286],"texture":"#2"},"west":{"uv":[11.42857,4.34286,4.57143,10.74286],"texture":"#2"},"up":{"uv":[11.42857,4.34286,4.57143,10.74286],"rotation":180,"texture":"#2"},"down":{"uv":[11.42857,10.74286,4.57143,4.34286],"rotation":180,"texture":"#2"}}},{"from":[11.7006,13.87749,6.60357],"to":[14.9973,13.87749,9.10107],"rotation":{"angle":-22.5,"axis":"z","origin":[13.6986,13.87749,8.10207]},"faces":{"north":{"uv":[4.57143,4.34286,11.42857,10.74286],"texture":"#2"},"east":{"uv":[4.57143,4.34286,11.42857,10.74286],"texture":"#2"},"south":{"uv":[4.57143,4.34286,11.42857,10.74286],"texture":"#2"},"west":{"uv":[4.57143,4.34286,11.42857,10.74286],"texture":"#2"},"up":{"uv":[4.57143,4.34286,11.42857,10.74286],"rotation":90,"texture":"#2"},"down":{"uv":[4.57143,10.74286,11.42857,4.34286],"rotation":270,"texture":"#2"}}},{"from":[6.2674,14.64375,6.60357],"to":[10.2634,14.64375,9.10107],"rotation":{"angle":22.5,"axis":"z","origin":[11.0626,18.63975,-5.88393]},"faces":{"north":{"uv":[4.57143,10.51429,11.42857,16],"texture":"#2"},"east":{"uv":[4.57143,10.51429,11.42857,16],"texture":"#2"},"south":{"uv":[4.57143,10.51429,11.42857,16],"texture":"#2"},"west":{"uv":[4.57143,10.51429,11.42857,16],"texture":"#2"},"up":{"uv":[4.57143,10.51429,11.42857,16],"rotation":90,"texture":"#2"},"down":{"uv":[4.57143,16,11.42857,10.51429],"rotation":270,"texture":"#2"}}},{"from":[5.5212,11.47446,7.13637],"to":[6.9642,15.20446,8.69037],"rotation":{"angle":45,"axis":"z","origin":[6.5757,13.08396,7.91337]},"faces":{"north":{"uv":[5.51111,0,10.43334,16],"texture":"#3"},"east":{"uv":[5.51111,0,10.43334,16],"texture":"#3"},"south":{"uv":[5.51111,0,10.43334,16],"texture":"#3"},"west":{"uv":[5.51111,0,10.43334,16],"texture":"#3"},"up":{"uv":[10.43334,0,5.51111,5.15556],"rotation":90,"texture":"#3"},"down":{"uv":[5.51111,13.68889,10.43334,16],"texture":"#3"}}},{"from":[6.4972,11.87749,1.00917],"to":[8.9947,11.87749,4.30587],"rotation":{"angle":-22.5,"axis":"x","origin":[7.4962,11.87749,2.30787]},"faces":{"north":{"uv":[11.42857,4.34286,4.57143,10.74286],"texture":"#2"},"east":{"uv":[11.42857,4.34286,4.57143,10.74286],"texture":"#2"},"south":{"uv":[11.42857,4.34286,4.57143,10.74286],"texture":"#2"},"west":{"uv":[11.42857,4.34286,4.57143,10.74286],"texture":"#2"},"up":{"uv":[4.57143,10.74286,11.42857,4.34286],"rotation":180,"texture":"#2"},"down":{"uv":[4.57143,4.34286,11.42857,10.74286],"rotation":180,"texture":"#2"}}},{"from":[6.4972,12.64375,5.74305],"to":[8.9947,12.64375,9.73905],"rotation":{"angle":22.5,"axis":"x","origin":[21.4822,16.63975,4.94385]},"faces":{"north":{"uv":[11.42857,10.51429,4.57143,16],"texture":"#2"},"east":{"uv":[11.42857,10.51429,4.57143,16],"texture":"#2"},"south":{"uv":[11.42857,10.51429,4.57143,16],"texture":"#2"},"west":{"uv":[11.42857,10.51429,4.57143,16],"texture":"#2"},"up":{"uv":[4.57143,16,11.42857,10.51429],"rotation":180,"texture":"#2"},"down":{"uv":[4.57143,10.51429,11.42857,16],"rotation":180,"texture":"#2"}}},{"from":[6.4972,7.72363,8.72272],"to":[8.9947,7.72363,12.71872],"rotation":{"angle":-22.5,"axis":"x","origin":[21.4822,7.24915,-0.22822]},"faces":{"north":{"uv":[4.57143,10.51429,11.42857,16],"texture":"#2"},"east":{"uv":[4.57143,10.51429,11.42857,16],"texture":"#2"},"south":{"uv":[4.57143,10.51429,11.42857,16],"texture":"#2"},"west":{"uv":[4.57143,10.51429,11.42857,16],"texture":"#2"},"up":{"uv":[4.57143,10.51429,11.42857,16],"rotation":180,"texture":"#2"},"down":{"uv":[4.57143,16,11.42857,10.51429],"rotation":180,"texture":"#2"}}},{"from":[6.4972,16.73923,8.59043],"to":[8.9947,16.73923,11.88713],"rotation":{"angle":22.5,"axis":"x","origin":[21.4822,7.24915,-0.22822]},"faces":{"north":{"uv":[4.57143,4.34286,11.42857,10.74286],"texture":"#2"},"east":{"uv":[4.57143,4.34286,11.42857,10.74286],"texture":"#2"},"south":{"uv":[4.57143,4.34286,11.42857,10.74286],"texture":"#2"},"west":{"uv":[4.57143,4.34286,11.42857,10.74286],"texture":"#2"},"up":{"uv":[4.57143,4.34286,11.42857,10.74286],"rotation":180,"texture":"#2"},"down":{"uv":[4.57143,10.74286,11.42857,4.34286],"rotation":180,"texture":"#2"}}},{"from":[1.0027,11.87749,6.60357],"to":[4.2994,11.87749,9.10107],"rotation":{"angle":22.5,"axis":"z","origin":[2.3014,11.87749,8.10207]},"faces":{"north":{"uv":[11.42857,4.34286,4.57143,10.74286],"texture":"#2"},"east":{"uv":[11.42857,4.34286,4.57143,10.74286],"texture":"#2"},"south":{"uv":[11.42857,4.34286,4.57143,10.74286],"texture":"#2"},"west":{"uv":[11.42857,4.34286,4.57143,10.74286],"texture":"#2"},"up":{"uv":[4.57143,10.74286,11.42857,4.34286],"rotation":90,"texture":"#2"},"down":{"uv":[4.57143,4.34286,11.42857,10.74286],"rotation":270,"texture":"#2"}}},{"from":[5.7366,12.64375,6.60357],"to":[9.7326,12.64375,9.10107],"rotation":{"angle":-22.5,"axis":"z","origin":[4.9374,16.63975,-5.88393]},"faces":{"north":{"uv":[11.42857,10.51429,4.57143,16],"texture":"#2"},"east":{"uv":[11.42857,10.51429,4.57143,16],"texture":"#2"},"south":{"uv":[11.42857,10.51429,4.57143,16],"texture":"#2"},"west":{"uv":[11.42857,10.51429,4.57143,16],"texture":"#2"},"up":{"uv":[4.57143,16,11.42857,10.51429],"rotation":90,"texture":"#2"},"down":{"uv":[4.57143,10.51429,11.42857,16],"rotation":270,"texture":"#2"}}}],"gui_light":"front","display":{"gui":{"rotation":[12.26,1.71,7.13],"translation":[0,-2,0],"scale":[0.7,0.7,1]},"fixed":{"rotation":[-90,0,0],"translation":[0,0,-18.25],"scale":[2.1,2.4,2.1]},"display":{"scale":[0.5,0.5,0.5]},"thirdperson_righthand":{"rotation":[0.0,-180.0,0.0],"translation":[0.0,2.75,0.75],"scale":[0.4,0.4,0.4]},"thirdperson_lefthand":{"rotation":[0.0,0.0,0.0],"translation":[0.0,2.75,0.75],"scale":[0.4,0.4,0.4]},"firstperson_righthand":{"rotation":[0.0,140.0,0.0],"translation":[3.5,2.5,0.0],"scale":[0.4,0.4,0.4]},"firstperson_lefthand":{"rotation":[0.0,-44.0,0.0],"translation":[-1.0,4.25,2.75],"scale":[0.4,0.4,0.4]},"ground":{"translation":[0.0,2.0,0.0],"scale":[0.5,0.5,0.5]}}}