{"credit":"Made with Blockbench","textures":{"2":"furnituresplus:furnituresplus/quartz_pillar","3":"furnituresplus:furnituresplus/amethyst_block","4":"furnituresplus:furnituresplus/amethyst_cluster"},"elements":[{"from":[4,0,4],"to":[12,2,12],"faces":{"north":{"uv":[0,0,8,1],"texture":"#2"},"east":{"uv":[0,0,8,1],"texture":"#2"},"south":{"uv":[0,0,8,1],"texture":"#2"},"west":{"uv":[0,0,8,1],"texture":"#2"},"up":{"uv":[8,3,16,11],"texture":"#2"},"down":{"uv":[0,0,8,8],"texture":"#2"}}},{"from":[7,4,7],"to":[9,9,9],"faces":{"north":{"uv":[0,0,2,1],"texture":"#2"},"east":{"uv":[0,0,2,1],"texture":"#2"},"south":{"uv":[0,0,2,1],"texture":"#2"},"west":{"uv":[0,0,2,1],"texture":"#2"},"up":{"uv":[0,0,2,2],"texture":"#2"},"down":{"uv":[0,0,2,2],"texture":"#2"}}},{"from":[7,12,7],"to":[9,17,9],"rotation":{"angle":0,"axis":"y","origin":[0,16,0]},"faces":{"north":{"uv":[2,6,3,5],"texture":"#3"},"east":{"uv":[2,6,3,5],"texture":"#3"},"south":{"uv":[2,6,3,5],"texture":"#3"},"west":{"uv":[2,6,3,5],"texture":"#3"},"up":{"uv":[2,6,3,5],"texture":"#3"},"down":{"uv":[2,6,3,5],"texture":"#3"}}},{"from":[7.8,11,4],"to":[8.2,12,12],"rotation":{"angle":0,"axis":"y","origin":[0,16,0]},"faces":{"north":{"uv":[0,1,0.4,0],"texture":"#2"},"east":{"uv":[0,1,8,0],"texture":"#2"},"south":{"uv":[0,1,0.4,0],"texture":"#2"},"west":{"uv":[0,1,8,0],"texture":"#2"},"up":{"uv":[0,8,0.4,0],"texture":"#2"},"down":{"uv":[0,8,0.4,0],"texture":"#2"}}},{"from":[4,11,7.8],"to":[12,12,8.2],"rotation":{"angle":0,"axis":"y","origin":[0,16,0]},"faces":{"north":{"uv":[0,1,8,0],"texture":"#2"},"east":{"uv":[0,1,0.4,0],"texture":"#2"},"south":{"uv":[0,1,8,0],"texture":"#2"},"west":{"uv":[0,1,0.4,0],"texture":"#2"},"up":{"uv":[0.4,0,0,8],"rotation":90,"texture":"#2"},"down":{"uv":[0.4,0,0,8],"rotation":270,"texture":"#2"}}},{"from":[7.4,1,7.4],"to":[8.6,14,8.6],"faces":{"north":{"uv":[2,0,3.2,16],"texture":"#2"},"east":{"uv":[2,0,3.2,16],"texture":"#2"},"south":{"uv":[2,0,3.2,16],"texture":"#2"},"west":{"uv":[2,0,3.2,16],"texture":"#2"},"up":{"uv":[0,0,1.2,1.2],"texture":"#2"},"down":{"uv":[0,0,1.2,1.2],"texture":"#2"}}},{"from":[4,11,12],"to":[12,19,13],"rotation":{"angle":0,"axis":"y","origin":[0,16,0]},"faces":{"north":{"uv":[0,8,8,0],"texture":"#3"},"east":{"uv":[0,8,1,0],"texture":"#3"},"south":{"uv":[0,8,8,0],"texture":"#3"},"west":{"uv":[0,8,1,0],"texture":"#3"},"up":{"uv":[0,1,8,0],"texture":"#3"},"down":{"uv":[0,1,8,0],"texture":"#3"}}},{"from":[4,11,3],"to":[12,19,4],"rotation":{"angle":0,"axis":"y","origin":[0,16,0]},"faces":{"north":{"uv":[0,8,8,0],"texture":"#3"},"east":{"uv":[0,8,1,0],"texture":"#3"},"south":{"uv":[0,8,8,0],"texture":"#3"},"west":{"uv":[0,8,1,0],"texture":"#3"},"up":{"uv":[0,1,8,0],"texture":"#3"},"down":{"uv":[0,1,8,0],"texture":"#3"}}},{"from":[3,11,4],"to":[4,19,12],"rotation":{"angle":0,"axis":"y","origin":[0,16,0]},"faces":{"north":{"uv":[0,8,1,0],"texture":"#3"},"east":{"uv":[0,8,8,0],"texture":"#3"},"south":{"uv":[0,8,1,0],"texture":"#3"},"west":{"uv":[0,8,8,0],"texture":"#3"},"up":{"uv":[8,0,0,1],"rotation":90,"texture":"#3"},"down":{"uv":[8,0,0,1],"rotation":270,"texture":"#3"}}},{"from":[12,11,4],"to":[13,19,12],"rotation":{"angle":0,"axis":"y","origin":[0,16,0]},"faces":{"north":{"uv":[0,8,1,0],"texture":"#3"},"east":{"uv":[0,8,8,0],"texture":"#3"},"south":{"uv":[0,8,1,0],"texture":"#3"},"west":{"uv":[0,8,8,0],"texture":"#3"},"up":{"uv":[8,0,0,1],"rotation":90,"texture":"#3"},"down":{"uv":[8,0,0,1],"rotation":270,"texture":"#3"}}},{"from":[4.01,19.01,3.81],"to":[11.99,24.99,3.89],"rotation":{"angle":0,"axis":"y","origin":[16,0,16]},"faces":{"north":{"uv":[3.4,1,11.38,6.98],"texture":"#4"},"east":{"uv":[0,0,1,7],"texture":"#4"},"south":{"uv":[3.4,1,11.38,6.98],"texture":"#4"},"west":{"uv":[0,0,1,7],"texture":"#4"},"up":{"uv":[4,1,0,0],"rotation":180,"texture":"#4"},"down":{"uv":[2,1,0,0],"rotation":180,"texture":"#4"}}},{"from":[4.01,19.01,11.81],"to":[11.99,24.99,11.89],"rotation":{"angle":0,"axis":"y","origin":[16,0,24]},"faces":{"north":{"uv":[3.4,1,11.38,6.98],"texture":"#4"},"east":{"uv":[0,0,1,7],"texture":"#4"},"south":{"uv":[3.4,1,11.38,6.98],"texture":"#4"},"west":{"uv":[0,0,1,7],"texture":"#4"},"up":{"uv":[4,1,0,0],"rotation":180,"texture":"#4"},"down":{"uv":[2,1,0,0],"rotation":180,"texture":"#4"}}},{"from":[11.96,19.01,3.86],"to":[12.04,24.99,11.84],"rotation":{"angle":0,"axis":"y","origin":[8,22,7.85]},"faces":{"north":{"uv":[0,0,1,7],"texture":"#4"},"east":{"uv":[3.4,1,11.38,6.98],"texture":"#4"},"south":{"uv":[0,0,1,7],"texture":"#4"},"west":{"uv":[3.4,1,11.38,6.98],"texture":"#4"},"up":{"uv":[4,1,0,0],"rotation":90,"texture":"#4"},"down":{"uv":[2,1,0,0],"rotation":270,"texture":"#4"}}},{"from":[3.96,19.01,3.86],"to":[4.04,24.99,11.84],"rotation":{"angle":0,"axis":"y","origin":[8,22,7.85]},"faces":{"north":{"uv":[0,0,1,7],"texture":"#4"},"east":{"uv":[3.4,1,11.38,6.98],"texture":"#4"},"south":{"uv":[0,0,1,7],"texture":"#4"},"west":{"uv":[3.4,1,11.38,6.98],"texture":"#4"},"up":{"uv":[4,1,0,0],"rotation":90,"texture":"#4"},"down":{"uv":[2,1,0,0],"rotation":270,"texture":"#4"}}}],"display":{"thirdperson_righthand":{"rotation":[55.75,45,0],"translation":[0,0.25,0.5],"scale":[0.26172,0.26172,0.26172]},"thirdperson_lefthand":{"rotation":[75,45,0],"translation":[0,2.5,0],"scale":[0.375,0.375,0.375]},"firstperson_righthand":{"rotation":[0,45,0],"translation":[1.75,2.75,0],"scale":[0.34922,0.34922,0.34922]},"firstperson_lefthand":{"rotation":[0,45,0],"translation":[1.75,2.75,0],"scale":[0.34922,0.34922,0.34922]},"ground":{"translation":[0,2,0],"scale":[0.5,0.5,0.5]},"gui":{"rotation":[30,45,0],"translation":[0,-0.85,0],"scale":[0.4375,0.4375,0.4375]},"head":{"translation":[0,-30.4,0],"scale":[1.6,1.6,1.6]},"fixed":{"rotation":[90,0,-180],"translation":[0,0,-15.75],"scale":[2.01,2.01,2.01]}},"mcmodels":"0df1e448b7cae607a72993c979c64e4d"}