{"credit":"Made with Blockbench","textures":{"2":"furnituresplus:furnituresplus/quartz_pillar","3":"furnituresplus:furnituresplus/amethyst_block","4":"furnituresplus:furnituresplus/amethyst_cluster"},"elements":[{"from":[4,14,4],"to":[12,16,12],"rotation":{"angle":0,"axis":"y","origin":[0,16,0]},"faces":{"north":{"uv":[0,1,8,0],"texture":"#2"},"east":{"uv":[0,1,8,0],"texture":"#2"},"south":{"uv":[0,1,8,0],"texture":"#2"},"west":{"uv":[0,1,8,0],"texture":"#2"},"up":{"uv":[0,8,8,0],"texture":"#2"},"down":{"uv":[8,11,16,3],"texture":"#2"}}},{"from":[7,7,7],"to":[9,12,9],"rotation":{"angle":0,"axis":"y","origin":[0,16,0]},"faces":{"north":{"uv":[0,1,2,0],"texture":"#2"},"east":{"uv":[0,1,2,0],"texture":"#2"},"south":{"uv":[0,1,2,0],"texture":"#2"},"west":{"uv":[0,1,2,0],"texture":"#2"},"up":{"uv":[0,2,2,0],"texture":"#2"},"down":{"uv":[0,2,2,0],"texture":"#2"}}},{"from":[7,-1,7],"to":[9,4,9],"faces":{"north":{"uv":[2,5,3,6],"texture":"#3"},"east":{"uv":[2,5,3,6],"texture":"#3"},"south":{"uv":[2,5,3,6],"texture":"#3"},"west":{"uv":[2,5,3,6],"texture":"#3"},"up":{"uv":[2,5,3,6],"texture":"#3"},"down":{"uv":[2,5,3,6],"texture":"#3"}}},{"from":[7.8,4,4],"to":[8.2,5,12],"faces":{"north":{"uv":[0,0,0.4,1],"texture":"#2"},"east":{"uv":[0,0,8,1],"texture":"#2"},"south":{"uv":[0,0,0.4,1],"texture":"#2"},"west":{"uv":[0,0,8,1],"texture":"#2"},"up":{"uv":[0,0,0.4,8],"texture":"#2"},"down":{"uv":[0,0,0.4,8],"texture":"#2"}}},{"from":[4,4,7.8],"to":[12,5,8.2],"faces":{"north":{"uv":[0,0,8,1],"texture":"#2"},"east":{"uv":[0,0,0.4,1],"texture":"#2"},"south":{"uv":[0,0,8,1],"texture":"#2"},"west":{"uv":[0,0,0.4,1],"texture":"#2"},"up":{"uv":[0,0,0.4,8],"rotation":270,"texture":"#2"},"down":{"uv":[0,0,0.4,8],"rotation":90,"texture":"#2"}}},{"from":[7.4,2,7.4],"to":[8.6,15,8.6],"rotation":{"angle":0,"axis":"y","origin":[0,16,0]},"faces":{"north":{"uv":[2,16,3.2,0],"texture":"#2"},"east":{"uv":[2,16,3.2,0],"texture":"#2"},"south":{"uv":[2,16,3.2,0],"texture":"#2"},"west":{"uv":[2,16,3.2,0],"texture":"#2"},"up":{"uv":[0,1.2,1.2,0],"texture":"#2"},"down":{"uv":[0,1.2,1.2,0],"texture":"#2"}}},{"from":[4,-3,12],"to":[12,5,13],"faces":{"north":{"uv":[0,0,8,8],"texture":"#3"},"east":{"uv":[0,0,1,8],"texture":"#3"},"south":{"uv":[0,0,8,8],"texture":"#3"},"west":{"uv":[0,0,1,8],"texture":"#3"},"up":{"uv":[0,0,8,1],"texture":"#3"},"down":{"uv":[0,0,8,1],"texture":"#3"}}},{"from":[4,-3,3],"to":[12,5,4],"faces":{"north":{"uv":[0,0,8,8],"texture":"#3"},"east":{"uv":[0,0,1,8],"texture":"#3"},"south":{"uv":[0,0,8,8],"texture":"#3"},"west":{"uv":[0,0,1,8],"texture":"#3"},"up":{"uv":[0,0,8,1],"texture":"#3"},"down":{"uv":[0,0,8,1],"texture":"#3"}}},{"from":[3,-3,4],"to":[4,5,12],"faces":{"north":{"uv":[0,0,1,8],"texture":"#3"},"east":{"uv":[0,0,8,8],"texture":"#3"},"south":{"uv":[0,0,1,8],"texture":"#3"},"west":{"uv":[0,0,8,8],"texture":"#3"},"up":{"uv":[0,0,8,1],"rotation":270,"texture":"#3"},"down":{"uv":[0,0,8,1],"rotation":90,"texture":"#3"}}},{"from":[12,-3,4],"to":[13,5,12],"faces":{"north":{"uv":[0,0,1,8],"texture":"#3"},"east":{"uv":[0,0,8,8],"texture":"#3"},"south":{"uv":[0,0,1,8],"texture":"#3"},"west":{"uv":[0,0,8,8],"texture":"#3"},"up":{"uv":[0,0,8,1],"rotation":270,"texture":"#3"},"down":{"uv":[0,0,8,1],"rotation":90,"texture":"#3"}}},{"from":[3.91,-8.99,4.01],"to":[3.99,-3.01,11.99],"rotation":{"angle":0,"axis":"x","origin":[16,16,16]},"faces":{"north":{"uv":[0,7,1,0],"texture":"#4"},"east":{"uv":[3.5,6.08,11.48,0.1],"texture":"#4"},"south":{"uv":[0,7,1,0],"texture":"#4"},"west":{"uv":[3.5,6.08,11.48,0.1],"texture":"#4"},"up":{"uv":[0,1,2,0],"rotation":90,"texture":"#4"},"down":{"uv":[0,1,4,0],"rotation":270,"texture":"#4"}}},{"from":[11.91,-8.99,4.01],"to":[11.99,-3.01,11.99],"rotation":{"angle":0,"axis":"x","origin":[24,16,16]},"faces":{"north":{"uv":[0,7,1,0],"texture":"#4"},"east":{"uv":[3.5,6.08,11.48,0.1],"texture":"#4"},"south":{"uv":[0,7,1,0],"texture":"#4"},"west":{"uv":[3.5,6.08,11.48,0.1],"texture":"#4"},"up":{"uv":[0,1,2,0],"rotation":90,"texture":"#4"},"down":{"uv":[0,1,4,0],"rotation":270,"texture":"#4"}}},{"from":[3.96,-8.99,3.96],"to":[11.94,-3.01,4.04],"rotation":{"angle":0,"axis":"y","origin":[7.95,-6,8]},"faces":{"north":{"uv":[3.5,6.08,11.48,0.1],"texture":"#4"},"east":{"uv":[0,7,1,0],"texture":"#4"},"south":{"uv":[3.5,6.08,11.48,0.1],"texture":"#4"},"west":{"uv":[0,7,1,0],"texture":"#4"},"up":{"uv":[0,1,2,0],"texture":"#4"},"down":{"uv":[0,1,4,0],"texture":"#4"}}},{"from":[3.96,-8.99,11.96],"to":[11.94,-3.01,12.04],"rotation":{"angle":0,"axis":"y","origin":[7.95,-6,8]},"faces":{"north":{"uv":[3.5,6.08,11.48,0.1],"texture":"#4"},"east":{"uv":[0,7,1,0],"texture":"#4"},"south":{"uv":[3.5,6.08,11.48,0.1],"texture":"#4"},"west":{"uv":[0,7,1,0],"texture":"#4"},"up":{"uv":[0,1,2,0],"texture":"#4"},"down":{"uv":[0,1,4,0],"texture":"#4"}}}],"display":{"thirdperson_righthand":{"rotation":[55.75,45,0],"translation":[0,0.25,0.5],"scale":[0.26172,0.26172,0.26172]},"thirdperson_lefthand":{"rotation":[75,45,0],"translation":[0,2.5,0],"scale":[0.375,0.375,0.375]},"firstperson_righthand":{"rotation":[0,45,0],"translation":[1.75,4.75,0],"scale":[0.4,0.4,0.4]},"firstperson_lefthand":{"rotation":[0,45,0],"translation":[1.75,4.75,0],"scale":[0.4,0.4,0.4]},"ground":{"translation":[0,2,0],"scale":[0.5,0.5,0.5]},"gui":{"rotation":[30,45,0],"translation":[0,1.4,0],"scale":[0.4375,0.4375,0.4375]},"head":{"translation":[0,-30.4,0],"scale":[1.6,1.6,1.6]},"fixed":{"rotation":[-90,0,-180],"translation":[0,0,-15.75],"scale":[2.01,2.01,2.01]}},"mcmodels":"0df1e448b7cae607a72993c979c64e4d"}