{"credit":"Created By Yassou","texture_size":[64,64],"textures":{"2":"furnituresplus:furnituresplus/mangrove_log","3":"furnituresplus:furnituresplus/mangrove_trapdoor","6":"furnituresplus:furnituresplus/mangrove_planks","particle":"furnituresplus:furnituresplus/mangrove_trapdoor"},"elements":[{"from":[14,14,0],"to":[16,16,16],"rotation":{"angle":0,"axis":"y","origin":[14,14,0]},"faces":{"north":{"uv":[15.05,4,14,2],"rotation":90,"texture":"#6"},"east":{"uv":[15,1,1,3.05],"texture":"#6"},"south":{"uv":[15.05,2,14,4],"rotation":90,"texture":"#6"},"west":{"uv":[1,3.95,15.05,1.95],"texture":"#6"},"up":{"uv":[1,2,15.05,4],"rotation":90,"texture":"#6"},"down":{"uv":[1,2,15.05,4],"rotation":90,"texture":"#6"}}},{"from":[0,14,0],"to":[2,16,16],"rotation":{"angle":0,"axis":"y","origin":[2,14,0]},"faces":{"north":{"uv":[15.05,2,14,4],"rotation":90,"texture":"#6"},"east":{"uv":[15.05,3.95,1,1.95],"texture":"#6"},"south":{"uv":[15.05,4,14,2],"rotation":90,"texture":"#6"},"west":{"uv":[1,1,15,3.05],"texture":"#6"},"up":{"uv":[1,4,15.05,2],"rotation":90,"texture":"#6"},"down":{"uv":[1,4,15.05,2],"rotation":90,"texture":"#6"}}},{"from":[2,14,0],"to":[14,16,2],"rotation":{"angle":0,"axis":"y","origin":[3,14,-2]},"faces":{"north":{"uv":[14,1,2,3.05],"texture":"#6"},"east":{"uv":[15,1,1,3.05],"texture":"#6"},"south":{"uv":[14,1,2,3.05],"texture":"#6"},"west":{"uv":[1,15,3.05,1],"rotation":90,"texture":"#6"},"up":{"uv":[14,1,2,3.05],"texture":"#6"},"down":{"uv":[14,1,2,3.05],"texture":"#6"}}},{"from":[2,14,14],"to":[14,16,16],"rotation":{"angle":0,"axis":"y","origin":[3,14,12]},"faces":{"north":{"uv":[14,1,2,3.05],"texture":"#6"},"east":{"uv":[15,1,1,3.05],"texture":"#6"},"south":{"uv":[14,1,2,3.05],"texture":"#6"},"west":{"uv":[1,15,3.05,1],"rotation":90,"texture":"#6"},"up":{"uv":[14,1,2,3.05],"texture":"#6"},"down":{"uv":[14,1,2,3.05],"texture":"#6"}}},{"from":[2,14,2],"to":[14,15,14],"rotation":{"angle":0,"axis":"y","origin":[3,13,10]},"faces":{"north":{"uv":[14,1,2,3.05],"texture":"#6"},"east":{"uv":[15,1,1,3.05],"texture":"#6"},"south":{"uv":[14,1,2,3.05],"texture":"#6"},"west":{"uv":[1,15,3.05,1],"rotation":90,"texture":"#6"},"up":{"uv":[14,2,2,14.05],"texture":"#2"},"down":{"uv":[14,2,2,14.05],"texture":"#2"}}},{"from":[1.01,3.01,0.21],"to":[14.99,3.99,15.99],"rotation":{"angle":0,"axis":"y","origin":[0,3,0]},"faces":{"north":{"uv":[16,1,0,2.05],"texture":"#6"},"east":{"uv":[16,1,0,2.05],"texture":"#6"},"south":{"uv":[16,1,0,2.05],"texture":"#6"},"west":{"uv":[16,1,0,2.05],"texture":"#6"},"up":{"uv":[0,0,16,16],"texture":"#6"},"down":{"uv":[0,0,16,16],"texture":"#6"}}},{"from":[1,4,1],"to":[15,14,15],"rotation":{"angle":0,"axis":"y","origin":[0,7,0]},"faces":{"north":{"uv":[15,3,1,12.05],"texture":"#3"},"east":{"uv":[1,15,6.05,1],"rotation":90,"texture":"#6"},"south":{"uv":[1,15,6.05,1],"rotation":90,"texture":"#6"},"west":{"uv":[1,15,6.05,1],"rotation":90,"texture":"#6"},"up":{"uv":[1,1,15,15.05],"texture":"#6"},"down":{"uv":[1,15.05,15,1],"texture":"#6"}}},{"from":[1,4,15],"to":[15,14,15],"rotation":{"angle":0,"axis":"y","origin":[0,7,0]},"faces":{"north":{"uv":[1,15,6.05,1],"rotation":90,"texture":"#6"},"east":{"uv":[1,15,6.05,1],"rotation":90,"texture":"#6"},"south":{"uv":[1,15,6.05,1],"rotation":90,"texture":"#6"},"west":{"uv":[1,15,6.05,1],"rotation":90,"texture":"#6"},"up":{"uv":[1,1,15,15.05],"texture":"#6"},"down":{"uv":[1,15.05,15,1],"texture":"#6"}}},{"from":[1,4,1],"to":[1,14,15],"rotation":{"angle":0,"axis":"y","origin":[0,7,0]},"faces":{"north":{"uv":[15,3,1,12.05],"texture":"#3"},"east":{"uv":[1,15,6.05,1],"rotation":90,"texture":"#6"},"south":{"uv":[1,15,6.05,1],"rotation":90,"texture":"#6"},"west":{"uv":[1,15,6.05,1],"rotation":90,"texture":"#6"},"up":{"uv":[1,1,15,15.05],"texture":"#6"},"down":{"uv":[1,15.05,15,1],"texture":"#6"}}},{"from":[15,4,1],"to":[15,14,15],"rotation":{"angle":0,"axis":"y","origin":[0,7,0]},"faces":{"north":{"uv":[15,3,1,12.05],"texture":"#3"},"east":{"uv":[1,15,6.05,1],"rotation":90,"texture":"#6"},"south":{"uv":[1,15,6.05,1],"rotation":90,"texture":"#6"},"west":{"uv":[1,15,6.05,1],"rotation":90,"texture":"#6"},"up":{"uv":[1,1,15,15.05],"texture":"#6"},"down":{"uv":[1,15.05,15,1],"texture":"#6"}}},{"from":[14,0,14],"to":[16,14,16],"rotation":{"angle":0,"axis":"y","origin":[13,14,14]},"faces":{"north":{"uv":[0,0,2,16],"texture":"#6"},"east":{"uv":[0,0,2,16],"texture":"#6"},"south":{"uv":[0,0,2,16],"texture":"#6"},"west":{"uv":[0,0,2,16],"texture":"#6"},"up":{"uv":[0,0,2,2],"texture":"#6"},"down":{"uv":[0,0,2,2],"texture":"#6"}}},{"from":[14,0,0],"to":[16,14,2],"rotation":{"angle":0,"axis":"y","origin":[13,14,0]},"faces":{"north":{"uv":[3,0,5,16],"texture":"#6"},"east":{"uv":[3,0,5,16],"texture":"#6"},"south":{"uv":[3,0,5,16],"texture":"#6"},"west":{"uv":[3,0,5,16],"texture":"#6"},"up":{"uv":[0,0,2,2],"texture":"#6"},"down":{"uv":[0,0,2,2],"texture":"#6"}}},{"from":[0,0,0],"to":[2,14,2],"rotation":{"angle":0,"axis":"y","origin":[-1,14,0]},"faces":{"north":{"uv":[9,0,11,16],"texture":"#6"},"east":{"uv":[9,0,11,16],"texture":"#6"},"south":{"uv":[9,0,11,16],"texture":"#6"},"west":{"uv":[9,0,11,16],"texture":"#6"},"up":{"uv":[0,0,2,2],"texture":"#6"},"down":{"uv":[0,0,2,2],"texture":"#6"}}},{"from":[3,6,0],"to":[4,11,2],"rotation":{"angle":0,"axis":"z","origin":[3.5,8.5,1]},"faces":{"north":{"uv":[1.25,1,0,1.25],"rotation":90,"texture":"#2"},"east":{"uv":[1.25,1,0,1.5],"rotation":270,"texture":"#2"},"south":{"uv":[1.25,1,0,1.25],"rotation":270,"texture":"#2"},"west":{"uv":[1.25,1,0,1.5],"rotation":270,"texture":"#2"},"up":{"uv":[0.5,1,0,1.25],"rotation":270,"texture":"#2"},"down":{"uv":[0.5,1,0,1.25],"rotation":270,"texture":"#2"}}},{"from":[0,0,14],"to":[2,14,16],"rotation":{"angle":0,"axis":"y","origin":[-1,14,14]},"faces":{"north":{"uv":[11,0,13,16],"texture":"#6"},"east":{"uv":[11,0,13,16],"texture":"#6"},"south":{"uv":[11,0,13,16],"texture":"#6"},"west":{"uv":[11,0,13,16],"texture":"#6"},"up":{"uv":[0,0,2,2],"texture":"#6"},"down":{"uv":[0,0,2,2],"texture":"#6"}}}],"display":{"thirdperson_righthand":{"rotation":[75,45,0],"translation":[0,2.5,0],"scale":[0.375,0.375,0.375]},"thirdperson_lefthand":{"rotation":[75,45,0],"translation":[0,2.5,0],"scale":[0.375,0.375,0.375]},"firstperson_righthand":{"rotation":[179.17,16.21,-177.16],"translation":[0,2.75,0],"scale":[0.26328,0.26328,0.26328]},"firstperson_lefthand":{"rotation":[179.17,16.21,-177.16],"translation":[0,2.75,0],"scale":[0.26328,0.26328,0.26328]},"ground":{"translation":[0,3,0],"scale":[0.35742,0.35742,0.35742]},"gui":{"rotation":[30,225,0],"scale":[0.56836,0.56836,0.56836]},"head":{"rotation":[-180,0,-180],"translation":[0,-30.4,0],"scale":[1.6,1.6,1.6]},"fixed":{"rotation":[-90,180,0],"translation":[0,0,-16],"scale":[2,2,2]}},"mcmodels":"0df1e448b7cae607a72993c979c64e4d"}