{"credit":"Made with Blockbench","textures":{"1":"furnituresplus:furnituresplus/mangrove_fabric","2":"furnituresplus:furnituresplus/mangrove_planks","4":"furnituresplus:furnituresplus/mangrove_trapdoor","5":"furnituresplus:furnituresplus/mangrove_log","particle":"furnituresplus:furnituresplus/mangrove_fabric"},"elements":[{"from":[0.01,3.01,3.01],"to":[14.99,8.99,12.99],"rotation":{"angle":0,"axis":"y","origin":[16,0,16]},"faces":{"north":{"uv":[0,0,14.98,5.98],"texture":"#1"},"east":{"uv":[0,0,9.98,5.98],"texture":"#1"},"south":{"uv":[0,0,14.98,5.98],"texture":"#1"},"west":{"uv":[0,0,9.98,5.98],"texture":"#1"},"up":{"uv":[14.98,9.98,0,0],"texture":"#1"},"down":{"uv":[14.98,9.98,0,0],"texture":"#1"}}},{"from":[0,2,0],"to":[15,4,15],"rotation":{"angle":0,"axis":"y","origin":[16,0,16]},"faces":{"north":{"uv":[1,2,16,4],"texture":"#2"},"east":{"uv":[0,0,15,2],"texture":"#2"},"south":{"uv":[0,0,15,2],"texture":"#2"},"west":{"uv":[1,2,16,4],"texture":"#2"},"up":{"uv":[15,15,0,0],"texture":"#2"},"down":{"uv":[16,16,1,1],"texture":"#2"}}},{"from":[12,9,3],"to":[15,16,13],"rotation":{"angle":0,"axis":"y","origin":[16,0,16]},"faces":{"north":{"uv":[0,0,3,7],"texture":"#1"},"east":{"uv":[0,0,10,7],"texture":"#1"},"south":{"uv":[0,0,3,7],"texture":"#1"},"west":{"uv":[0,0,10,7],"texture":"#1"},"up":{"uv":[10,3,0,0],"rotation":270,"texture":"#1"},"down":{"uv":[10,3,0,0],"rotation":90,"texture":"#1"}}},{"from":[0,2,15],"to":[16,4,16],"rotation":{"angle":0,"axis":"y","origin":[16,0,16]},"faces":{"north":{"uv":[0,0.5,16,2.5],"texture":"#2"},"east":{"uv":[9,0,10,2],"texture":"#2"},"south":{"uv":[0,0.5,16,2.5],"texture":"#2"},"west":{"uv":[12.5,0.5,13.5,2.5],"texture":"#2"},"up":{"uv":[16,1.5,0,0.5],"texture":"#2"},"down":{"uv":[16,1.5,0,0.5],"texture":"#2"}}},{"from":[15,2,0],"to":[16,4,15],"rotation":{"angle":0,"axis":"y","origin":[16,0,16]},"faces":{"north":{"uv":[12.5,0.5,13.5,2.5],"texture":"#2"},"east":{"uv":[1,0.5,16,2.5],"texture":"#2"},"south":{"uv":[9,0,10,2],"texture":"#2"},"west":{"uv":[1,0.5,16,2.5],"texture":"#2"},"up":{"uv":[1,0.5,16,1.5],"rotation":270,"texture":"#2"},"down":{"uv":[1,0.5,16,1.5],"rotation":90,"texture":"#2"}}},{"from":[15,10,3],"to":[16,13,13],"rotation":{"angle":0,"axis":"y","origin":[16,0,16]},"faces":{"north":{"uv":[0,3,1,6],"texture":"#2"},"east":{"uv":[0,3,10,6],"texture":"#2"},"south":{"uv":[0,3,1,6],"texture":"#2"},"west":{"uv":[0,3,10,6],"texture":"#2"},"up":{"uv":[1,11,0,1],"texture":"#2"},"down":{"uv":[1,11,0,1],"texture":"#2"}}},{"from":[0,10,13],"to":[16,13,16],"rotation":{"angle":0,"axis":"y","origin":[16,0,16]},"faces":{"north":{"uv":[0,3,16,6],"texture":"#2"},"east":{"uv":[0,3,3,6],"texture":"#2"},"south":{"uv":[0,3,16,6],"texture":"#2"},"west":{"uv":[0,3,3,6],"texture":"#2"},"up":{"uv":[16,6,0,3],"texture":"#2"},"down":{"uv":[16,6,0,3],"texture":"#2"}}},{"from":[1,4,1.5],"to":[15.3,10,14.5],"rotation":{"angle":0,"axis":"y","origin":[16,-3,16.5]},"faces":{"north":{"uv":[1,5,15.3,11],"texture":"#4"},"east":{"uv":[1.5,5,14.5,11],"texture":"#4"},"south":{"uv":[1,5,15.3,11],"texture":"#4"},"west":{"uv":[10,10,4.7,7],"texture":"#4"},"up":{"uv":[10,10,4.7,7],"texture":"#4"},"down":{"uv":[14.3,16,0,3],"texture":"#2"}}},{"from":[0,4,13],"to":[1,10,15],"rotation":{"angle":0,"axis":"y","origin":[16,0,16]},"faces":{"north":{"uv":[1,0,0,6],"texture":"#2"},"east":{"uv":[13,0,15,6],"texture":"#2"},"south":{"uv":[15,0,16,6],"texture":"#2"},"west":{"uv":[13,0,15,6],"texture":"#2"},"up":{"uv":[2,1,0,0],"rotation":270,"texture":"#2"},"down":{"uv":[15,1,13,0],"rotation":90,"texture":"#2"}}},{"from":[0,10,0],"to":[16,13,3],"rotation":{"angle":0,"axis":"y","origin":[16,0,0]},"faces":{"north":{"uv":[16,3,0,6],"texture":"#2"},"east":{"uv":[3,3,0,6],"texture":"#2"},"south":{"uv":[16,3,0,6],"texture":"#2"},"west":{"uv":[3,3,0,6],"texture":"#2"},"up":{"uv":[16,3,0,6],"texture":"#2"},"down":{"uv":[16,3,0,6],"texture":"#2"}}},{"from":[0,4,1],"to":[1,10,3],"rotation":{"angle":0,"axis":"y","origin":[16,0,0]},"faces":{"north":{"uv":[16,0,15,6],"texture":"#2"},"east":{"uv":[15,0,13,6],"texture":"#2"},"south":{"uv":[0,0,1,6],"texture":"#2"},"west":{"uv":[15,0,13,6],"texture":"#2"},"up":{"uv":[0,1,2,0],"rotation":270,"texture":"#2"},"down":{"uv":[13,1,15,0],"rotation":90,"texture":"#2"}}},{"from":[4.2,5,4.2],"to":[7.1,12.8,12.1],"rotation":{"angle":-22.5,"axis":"z","origin":[16,0,19]},"faces":{"north":{"uv":[4,3,6.9,10.8],"texture":"#5"},"east":{"uv":[4,3,11.9,10.8],"texture":"#5"},"south":{"uv":[4,3,6.9,10.8],"texture":"#5"},"west":{"uv":[4,3,11.9,10.8],"texture":"#5"},"up":{"uv":[6.9,10.9,4,3],"texture":"#5"},"down":{"uv":[6.9,10.9,4,3],"texture":"#5"}}},{"from":[1,0,13],"to":[2,2,15],"rotation":{"angle":0,"axis":"y","origin":[16,0,17]},"faces":{"north":{"uv":[0,0,1,2],"texture":"#2"},"east":{"uv":[11.5,1.5,13.5,3.5],"texture":"#2"},"south":{"uv":[13.5,3,14.5,5],"texture":"#2"},"west":{"uv":[12.5,2,14.5,4],"texture":"#2"},"up":{"uv":[1,2,0,0],"texture":"#2"},"down":{"uv":[12.5,4,11.5,2],"texture":"#2"}}},{"from":[1,0,1],"to":[2,2,3],"rotation":{"angle":0,"axis":"y","origin":[16,0,5]},"faces":{"north":{"uv":[0,0,1,2],"texture":"#2"},"east":{"uv":[11.5,1.5,13.5,3.5],"texture":"#2"},"south":{"uv":[13.5,3,14.5,5],"texture":"#2"},"west":{"uv":[12.5,2,14.5,4],"texture":"#2"},"up":{"uv":[1,2,0,0],"texture":"#2"},"down":{"uv":[12.5,4,11.5,2],"texture":"#2"}}},{"from":[14,0,1],"to":[15,2,3],"rotation":{"angle":0,"axis":"y","origin":[16,0,16]},"faces":{"north":{"uv":[10.5,2,11.5,4],"texture":"#2"},"east":{"uv":[12,1.5,14,3.5],"texture":"#2"},"south":{"uv":[12.5,1.5,13.5,3.5],"texture":"#2"},"west":{"uv":[13,2,15,4],"texture":"#2"},"up":{"uv":[1,2,0,0],"texture":"#2"},"down":{"uv":[11.5,3.5,10.5,1.5],"texture":"#2"}}},{"from":[13,0,13],"to":[15,2,15],"rotation":{"angle":0,"axis":"y","origin":[16,0,16]},"faces":{"north":{"uv":[10,0.5,12,2.5],"texture":"#2"},"east":{"uv":[10.5,2,12.5,4],"texture":"#2"},"south":{"uv":[12.5,2,14.5,4],"texture":"#2"},"west":{"uv":[12,1,14,3],"texture":"#2"},"up":{"uv":[13.5,3.5,11.5,1.5],"texture":"#2"},"down":{"uv":[13,4.5,11,2.5],"texture":"#2"}}}],"display":{"thirdperson_righthand":{"rotation":[75,45,0],"translation":[0,2.5,0],"scale":[0.375,0.375,0.375]},"thirdperson_lefthand":{"rotation":[75,45,0],"translation":[0,2.5,0],"scale":[0.375,0.375,0.375]},"firstperson_righthand":{"rotation":[0,45,0],"scale":[0.4,0.4,0.4]},"firstperson_lefthand":{"rotation":[0,45,0],"scale":[0.4,0.4,0.4]},"ground":{"translation":[0,2,0],"scale":[0.5,0.5,0.5]},"gui":{"rotation":[30,45,0],"translation":[0,-0.6,0],"scale":[0.5,0.5,0.5]},"head":{"rotation":[0,90,0],"translation":[0,-30.4,0],"scale":[1.6,1.6,1.6]},"fixed":{"rotation":[-90,180,0],"translation":[0,0,-16],"scale":[2,2,2]}},"mcmodels":"0df1e448b7cae607a72993c979c64e4d"}