{"textures":{"1":"infinitecrops:item/crops/tomato/stage_4","2":"infinitecrops:item/crops/tomato/tomato","3":"infinitecrops:item/crops/tomato/stick","particle":"infinitecrops:item/crops/tomato/stage_4"},"elements":[{"from":[7.5,0,7.4],"to":[8.5,15,8.4],"faces":{"north":{"uv":[0,0,1,15],"texture":"#3"},"east":{"uv":[0,0,1,15],"texture":"#3"},"south":{"uv":[0,0,1,15],"texture":"#3"},"west":{"uv":[0,0,1,15],"texture":"#3"},"up":{"uv":[0,0,1,1],"texture":"#3"},"down":{"uv":[0,0,1,1],"texture":"#3"}}},{"from":[7,8.9,0.5],"to":[9,10.9,2.5],"faces":{"north":{"uv":[4,4,16,16],"texture":"#2"},"east":{"uv":[4,4,16,16],"texture":"#2"},"south":{"uv":[4,4,16,16],"texture":"#2"},"west":{"uv":[4,4,16,16],"texture":"#2"},"up":{"uv":[4,4,16,16],"texture":"#2"},"down":{"uv":[4,4,16,16],"texture":"#2"}}},{"from":[7,13.9,3.5],"to":[9,15.9,5.5],"rotation":{"angle":22.5,"axis":"y","origin":[8,14.9,4.5]},"faces":{"north":{"uv":[4,4,16,16],"texture":"#2"},"east":{"uv":[4,4,16,16],"texture":"#2"},"south":{"uv":[4,4,16,16],"texture":"#2"},"west":{"uv":[4,4,16,16],"texture":"#2"},"up":{"uv":[4,4,16,16],"texture":"#2"},"down":{"uv":[4,4,16,16],"texture":"#2"}}},{"from":[-1.2,6,7],"to":[0.8,8,9],"faces":{"north":{"uv":[4,4,16,16],"texture":"#2"},"east":{"uv":[4,4,16,16],"texture":"#2"},"south":{"uv":[4,4,16,16],"texture":"#2"},"west":{"uv":[4,4,16,16],"texture":"#2"},"up":{"uv":[4,4,16,16],"texture":"#2"},"down":{"uv":[4,4,16,16],"texture":"#2"}}},{"from":[3.8,11,7],"to":[5.8,13,9],"rotation":{"angle":22.5,"axis":"y","origin":[4.8,12,8]},"faces":{"north":{"uv":[4,4,16,16],"texture":"#2"},"east":{"uv":[4,4,16,16],"texture":"#2"},"south":{"uv":[4,4,16,16],"texture":"#2"},"west":{"uv":[4,4,16,16],"texture":"#2"},"up":{"uv":[4,4,16,16],"texture":"#2"},"down":{"uv":[4,4,16,16],"texture":"#2"}}},{"from":[7.1,13.2,14.3],"to":[9.1,15.2,16.3],"faces":{"north":{"uv":[4,4,16,16],"texture":"#2"},"east":{"uv":[4,4,16,16],"texture":"#2"},"south":{"uv":[4,4,16,16],"texture":"#2"},"west":{"uv":[4,4,16,16],"texture":"#2"},"up":{"uv":[4,4,16,16],"texture":"#2"},"down":{"uv":[4,4,16,16],"texture":"#2"}}},{"from":[7.1,3.8,11.2],"to":[9.1,5.8,13.2],"faces":{"north":{"uv":[4,4,16,16],"texture":"#2"},"east":{"uv":[4,4,16,16],"texture":"#2"},"south":{"uv":[4,4,16,16],"texture":"#2"},"west":{"uv":[4,4,16,16],"texture":"#2"},"up":{"uv":[4,4,16,16],"texture":"#2"},"down":{"uv":[4,4,16,16],"texture":"#2"}}},{"from":[13.6,9,7.4],"to":[15.6,11,9.4],"faces":{"north":{"uv":[4,4,16,16],"texture":"#2"},"east":{"uv":[4,4,16,16],"texture":"#2"},"south":{"uv":[4,4,16,16],"texture":"#2"},"west":{"uv":[4,4,16,16],"texture":"#2"},"up":{"uv":[4,4,16,16],"texture":"#2"},"down":{"uv":[4,4,16,16],"texture":"#2"}}},{"from":[7.9,6,7.6],"to":[9.9,8,9.6],"rotation":{"angle":22.5,"axis":"y","origin":[8.9,7,8.6]},"faces":{"north":{"uv":[4,4,16,16],"texture":"#2"},"east":{"uv":[4,4,16,16],"texture":"#2"},"south":{"uv":[4,4,16,16],"texture":"#2"},"west":{"uv":[4,4,16,16],"texture":"#2"},"up":{"uv":[4,4,16,16],"texture":"#2"},"down":{"uv":[4,4,16,16],"texture":"#2"}}},{"from":[7.92929,0,-2.48787],"to":[7.92929,19,18.31213],"rotation":{"angle":0,"axis":"y","origin":[7.92929,9.5,7.91213]},"faces":{"north":{"uv":[2.5,3.5,13.5,16],"texture":"#1"},"east":{"uv":[2.5,3.5,13.5,16],"texture":"#1"},"south":{"uv":[2.5,3.5,13.5,16],"texture":"#1"},"west":{"uv":[2.5,3.5,13.5,16],"texture":"#1"},"up":{"uv":[2.5,3.5,13.5,16],"rotation":180,"texture":"#1"},"down":{"uv":[2.5,3.5,13.5,16],"rotation":180,"texture":"#1"}}},{"from":[-2.47071,0,7.91213],"to":[18.32929,19,7.91213],"rotation":{"angle":0,"axis":"y","origin":[7.92929,8,7.91213]},"faces":{"north":{"uv":[2.5,3.5,13.5,16],"texture":"#1"},"east":{"uv":[2.5,3.5,13.5,16],"texture":"#1"},"south":{"uv":[2.5,3.5,13.5,16],"texture":"#1"},"west":{"uv":[2.5,3.5,13.5,16],"texture":"#1"},"up":{"uv":[2.5,3.5,13.5,16],"rotation":270,"texture":"#1"},"down":{"uv":[2.5,3.5,13.5,16],"rotation":90,"texture":"#1"}}}],"gui_light":"front","display":{"gui":{"rotation":[22.51,-26.93,10.89],"translation":[0,-1,0]},"fixed":{"rotation":[-90,0,0],"translation":[0,0,-15],"scale":[2,2,2]},"display":{"scale":[0.5,0.5,0.5]},"thirdperson_righthand":{"rotation":[0.0,-180.0,0.0],"translation":[0.0,2.75,0.75],"scale":[0.4,0.4,0.4]},"thirdperson_lefthand":{"rotation":[0.0,0.0,0.0],"translation":[0.0,2.75,0.75],"scale":[0.4,0.4,0.4]},"firstperson_righthand":{"rotation":[0.0,140.0,0.0],"translation":[3.5,2.5,0.0],"scale":[0.4,0.4,0.4]},"firstperson_lefthand":{"rotation":[0.0,-44.0,0.0],"translation":[-1.0,4.25,2.75],"scale":[0.4,0.4,0.4]},"ground":{"translation":[0.0,2.0,0.0],"scale":[0.5,0.5,0.5]}}}