{"credit":"Blockbench","textures":{"1":"infinitecrops:item/crops/apple_tree/stage_1"},"elements":[{"from":[7.35,0,7.48],"to":[8.65,7.8,8.78],"rotation":{"angle":0,"axis":"y","origin":[-2.4,0,-2.4]},"faces":{"north":{"uv":[16,3.975,15.5,5.725],"texture":"#1"},"east":{"uv":[15.5,3.975,16,5.725],"texture":"#1"},"south":{"uv":[16,3.975,15.5,5.725],"texture":"#1"},"west":{"uv":[15.5,3.975,16,5.725],"texture":"#1"},"up":{"uv":[15.5,0,16,0.5],"texture":"#1"},"down":{"uv":[15.5,0,16,0.5],"texture":"#1"}}},{"from":[7.74,0,8],"to":[9.04,0.78,10.6],"rotation":{"angle":22.5,"axis":"x","origin":[8.65,0.39,9.3]},"faces":{"north":{"uv":[15.5,5.475,16,6.225],"texture":"#1"},"east":{"uv":[15.75,5.475,15.5,6.225],"texture":"#1"},"south":{"uv":[16,5.475,15.5,6.225],"texture":"#1"},"west":{"uv":[16,5.475,15.75,6.225],"texture":"#1"},"up":{"uv":[16,5.475,15.5,6.225],"texture":"#1"},"down":{"uv":[16,5.475,15.5,6.225],"texture":"#1"}}},{"from":[5.4,-0.26,8.13],"to":[8,0.52,9.43],"rotation":{"angle":22.5,"axis":"z","origin":[5.79,0.39,9.3]},"faces":{"north":{"uv":[16,5.475,15.75,6.225],"rotation":90,"texture":"#1"},"east":{"uv":[15.5,5.475,16,6.225],"texture":"#1"},"south":{"uv":[15.75,5.475,15.5,6.225],"rotation":90,"texture":"#1"},"west":{"uv":[16,5.475,15.5,6.225],"texture":"#1"},"up":{"uv":[16,5.475,15.5,6.225],"rotation":90,"texture":"#1"},"down":{"uv":[15.5,5.475,16,6.225],"rotation":90,"texture":"#1"}}},{"from":[6.7,0,5.4],"to":[8,0.78,8],"rotation":{"angle":-22.5,"axis":"x","origin":[8.65,0.39,6.7]},"faces":{"north":{"uv":[15.5,5.475,16,6.225],"texture":"#1"},"east":{"uv":[15.5,5.475,15.75,6.225],"texture":"#1"},"south":{"uv":[16,5.475,15.5,6.225],"texture":"#1"},"west":{"uv":[15.75,5.475,16,6.225],"texture":"#1"},"up":{"uv":[16,6.225,15.5,5.475],"texture":"#1"},"down":{"uv":[16,6.225,15.5,5.475],"texture":"#1"}}},{"from":[8.38336,-0.2195,6.83],"to":[10.98336,0.5605,8.13],"rotation":{"angle":-22.5,"axis":"z","origin":[10.33336,1.9905,7.22]},"faces":{"north":{"uv":[15.75,6.225,15.5,5.475],"rotation":90,"texture":"#1"},"east":{"uv":[16,5.475,15.5,6.225],"texture":"#1"},"south":{"uv":[16,6.225,15.75,5.475],"rotation":90,"texture":"#1"},"west":{"uv":[15.5,5.475,16,6.225],"texture":"#1"},"up":{"uv":[15.5,5.475,16,6.225],"rotation":90,"texture":"#1"},"down":{"uv":[16,5.475,15.5,6.225],"rotation":90,"texture":"#1"}}},{"from":[6,6.2,4.9],"to":[10,10.2,8.9],"faces":{"north":{"uv":[0,0,1.25,1.25],"texture":"#1"},"east":{"uv":[0,0,1.25,1.25],"texture":"#1"},"south":{"uv":[0,0,1.25,1.25],"texture":"#1"},"west":{"uv":[0,0,1.25,1.25],"texture":"#1"},"up":{"uv":[0,0,1.25,1.25],"texture":"#1"},"down":{"uv":[0,0,1.25,1.25],"texture":"#1"}}},{"from":[7.6,4.6,8.2],"to":[10.6,7.6,11.2],"faces":{"north":{"uv":[1.5,1.25,2.5,2.25],"texture":"#1"},"east":{"uv":[1.5,1.25,2.5,2.25],"texture":"#1"},"south":{"uv":[1.5,1.25,2.5,2.25],"texture":"#1"},"west":{"uv":[1.5,1.25,2.5,2.25],"texture":"#1"},"up":{"uv":[1.5,1.25,2.5,2.25],"texture":"#1"},"down":{"uv":[1.5,1.25,2.5,2.25],"texture":"#1"}}}],"gui_light":"front","display":{"thirdperson_righthand":{"translation":[0.0,2.75,0.75],"rotation":[0.0,-180.0,0.0],"scale":[0.4,0.4,0.4]},"thirdperson_lefthand":{"translation":[0.0,2.75,0.75],"rotation":[0.0,0.0,0.0],"scale":[0.4,0.4,0.4]},"firstperson_righthand":{"translation":[3.5,2.5,0.0],"rotation":[0.0,140.0,0.0],"scale":[0.4,0.4,0.4]},"firstperson_lefthand":{"translation":[-1.0,4.25,2.75],"rotation":[0.0,-44.0,0.0],"scale":[0.4,0.4,0.4]},"ground":{"translation":[0.0,2.0,0.0],"scale":[0.5,0.5,0.5]},"gui":{"rotation":[16.92,-44.47,12.05],"translation":[-0.25,1,0]},"fixed":{"rotation":[-90,0,0],"translation":[0,0,-16],"scale":[2,2,2]}}}