{"credit":"Blockbench","textures":{"1":"infinitecrops:item/crops/apple_tree/stage_1"},"elements":[{"from":[7.5,0,7.6],"to":[8.5,6,8.6],"faces":{"north":{"uv":[16,3.975,15.5,5.725],"texture":"#1"},"east":{"uv":[15.5,3.975,16,5.725],"texture":"#1"},"south":{"uv":[16,3.975,15.5,5.725],"texture":"#1"},"west":{"uv":[15.5,3.975,16,5.725],"texture":"#1"},"up":{"uv":[15.5,0,16,0.5],"texture":"#1"},"down":{"uv":[15.5,0,16,0.5],"texture":"#1"}}},{"from":[7.8,0,8],"to":[8.8,0.6,10],"rotation":{"angle":22.5,"axis":"x","origin":[8.5,0.3,9]},"faces":{"north":{"uv":[15.5,5.475,16,6.225],"texture":"#1"},"east":{"uv":[15.75,5.475,15.5,6.225],"texture":"#1"},"south":{"uv":[16,5.475,15.5,6.225],"texture":"#1"},"west":{"uv":[16,5.475,15.75,6.225],"texture":"#1"},"up":{"uv":[16,5.475,15.5,6.225],"texture":"#1"},"down":{"uv":[16,5.475,15.5,6.225],"texture":"#1"}}},{"from":[6,-0.2,8.1],"to":[8,0.4,9.1],"rotation":{"angle":22.5,"axis":"z","origin":[6.3,0.3,9]},"faces":{"north":{"uv":[16,5.475,15.75,6.225],"rotation":90,"texture":"#1"},"east":{"uv":[15.5,5.475,16,6.225],"texture":"#1"},"south":{"uv":[15.75,5.475,15.5,6.225],"rotation":90,"texture":"#1"},"west":{"uv":[16,5.475,15.5,6.225],"texture":"#1"},"up":{"uv":[16,5.475,15.5,6.225],"rotation":90,"texture":"#1"},"down":{"uv":[15.5,5.475,16,6.225],"rotation":90,"texture":"#1"}}},{"from":[7,0,6],"to":[8,0.6,8],"rotation":{"angle":-22.5,"axis":"x","origin":[8.5,0.3,7]},"faces":{"north":{"uv":[15.5,5.475,16,6.225],"texture":"#1"},"east":{"uv":[15.5,5.475,15.75,6.225],"texture":"#1"},"south":{"uv":[16,5.475,15.5,6.225],"texture":"#1"},"west":{"uv":[15.75,5.475,16,6.225],"texture":"#1"},"up":{"uv":[16,6.225,15.5,5.475],"texture":"#1"},"down":{"uv":[16,6.225,15.5,5.475],"texture":"#1"}}},{"from":[8.29489,-0.16885,7.1],"to":[10.29489,0.43115,8.1],"rotation":{"angle":-22.5,"axis":"z","origin":[9.79489,1.53115,7.4]},"faces":{"north":{"uv":[15.75,6.225,15.5,5.475],"rotation":90,"texture":"#1"},"east":{"uv":[16,5.475,15.5,6.225],"texture":"#1"},"south":{"uv":[16,6.225,15.75,5.475],"rotation":90,"texture":"#1"},"west":{"uv":[15.5,5.475,16,6.225],"texture":"#1"},"up":{"uv":[15.5,5.475,16,6.225],"rotation":90,"texture":"#1"},"down":{"uv":[16,5.475,15.5,6.225],"rotation":90,"texture":"#1"}}},{"from":[5.4,2.6,8.1],"to":[10,6.6,8.1],"faces":{"north":{"uv":[1.75,5.5,3.25,7],"texture":"#1"},"east":{"uv":[1.75,5.5,3.25,7],"texture":"#1"},"south":{"uv":[1.75,5.5,3.25,7],"texture":"#1"},"west":{"uv":[1.75,5.5,3.25,7],"texture":"#1"},"up":{"uv":[1.75,5.5,3.25,7],"texture":"#1"},"down":{"uv":[1.75,5.5,3.25,7],"texture":"#1"}}},{"from":[8,2.6,5.5],"to":[8,6.6,10.1],"rotation":{"angle":0,"axis":"y","origin":[7.7,4.6,8.1]},"faces":{"north":{"uv":[1.75,5.5,3.25,7],"texture":"#1"},"east":{"uv":[1.75,5.5,3.25,7],"texture":"#1"},"south":{"uv":[1.75,5.5,3.25,7],"texture":"#1"},"west":{"uv":[1.75,5.5,3.25,7],"texture":"#1"},"up":{"uv":[1.75,5.5,3.25,7],"texture":"#1"},"down":{"uv":[1.75,5.5,3.25,7],"texture":"#1"}}}],"gui_light":"front","display":{"thirdperson_righthand":{"translation":[0.0,2.75,0.75],"rotation":[0.0,-180.0,0.0],"scale":[0.4,0.4,0.4]},"thirdperson_lefthand":{"translation":[0.0,2.75,0.75],"rotation":[0.0,0.0,0.0],"scale":[0.4,0.4,0.4]},"firstperson_righthand":{"translation":[3.5,2.5,0.0],"rotation":[0.0,140.0,0.0],"scale":[0.4,0.4,0.4]},"firstperson_lefthand":{"translation":[-1.0,4.25,2.75],"rotation":[0.0,-44.0,0.0],"scale":[0.4,0.4,0.4]},"ground":{"translation":[0.0,2.0,0.0],"scale":[0.5,0.5,0.5]},"gui":{"rotation":[24.35,-16.74,7.43],"translation":[-0.75,1.5,0]},"fixed":{"rotation":[-90,0,0],"translation":[0,0,-16],"scale":[2,2,2]}}}