{"credit":"Blockbench","parent":"infinitecrops:item/crops/apple_tree/stage_6","textures":{"1":"infinitecrops:item/crops/apple_tree/stage_1","2":"infinitecrops:item/crops/apple_tree/apple_red","particle":"infinitecrops:item/crops/apple_tree/apple_red"},"display":{"display":{"scale":[0.5,0.5,0.5]},"thirdperson_righthand":{"rotation":[0.0,-180.0,0.0],"translation":[0.0,2.75,0.75],"scale":[0.4,0.4,0.4]},"thirdperson_lefthand":{"rotation":[0.0,0.0,0.0],"translation":[0.0,2.75,0.75],"scale":[0.4,0.4,0.4]},"firstperson_righthand":{"rotation":[0.0,140.0,0.0],"translation":[3.5,2.5,0.0],"scale":[0.4,0.4,0.4]},"firstperson_lefthand":{"rotation":[0.0,-44.0,0.0],"translation":[-1.0,4.25,2.75],"scale":[0.4,0.4,0.4]},"ground":{"translation":[0.0,2.0,0.0],"scale":[0.5,0.5,0.5]}}}