{"credit":"Made with Blockbench","parent":"minecraft:item/generated","textures":{"layer0":"infinitecrops:item/crops/pepper/pepper_seeds"},"display":{"thirdperson_righthand":{"rotation":[0.0,-180.0,0.0],"scale":[0.4,0.4,0.4],"translation":[0.0,2.75,0.75]},"thirdperson_lefthand":{"scale":[0.4,0.4,0.4],"rotation":[0.0,0.0,0.0],"translation":[0.0,2.75,0.75]},"firstperson_righthand":{"rotation":[0.0,140.0,0.0],"translation":[3.5,2.5,0.0],"scale":[0.4,0.4,0.4]},"firstperson_lefthand":{"rotation":[0.0,-44.0,0.0],"translation":[-1.0,4.25,2.75],"scale":[0.4,0.4,0.4]},"ground":{"translation":[0.0,2.0,0.0],"scale":[0.5,0.5,0.5]},"gui":{"translation":[0,0.25,0],"scale":[1.3,1.3,1]}}}