{"credit":"Blockbench","textures":{"2":"infinitecrops:item/basics/combustion_generators","particle":"infinitecrops:item/basics/combustion_generators"},"elements":[{"from":[4.7,22,5.2],"to":[10.4,32,10.6],"faces":{"north":{"uv":[3.25,0,4.75,3.5],"texture":"#2"},"east":{"uv":[3.25,0,4.75,3.5],"texture":"#2"},"south":{"uv":[3.25,0,4.75,3.5],"texture":"#2"},"west":{"uv":[3.25,0,4.75,3.5],"texture":"#2"},"up":{"uv":[5.25,0,6.75,1.75],"texture":"#2"},"down":{"uv":[3.25,0,4.75,3.5],"texture":"#2"}}},{"from":[-4,0,-3],"to":[2,26,3],"faces":{"north":{"uv":[0.025,0.025,1.975,9.975],"texture":"#2"},"east":{"uv":[0.025,0.025,1.975,9.975],"texture":"#2"},"south":{"uv":[0.025,0.025,1.975,9.975],"texture":"#2"},"west":{"uv":[0.025,0.025,1.975,9.975],"texture":"#2"},"up":{"uv":[0.025,0.025,1.975,1.95],"texture":"#2"},"down":{"uv":[0.025,0.025,1.975,1.95],"texture":"#2"}}},{"from":[14,0,-3],"to":[20,26,3],"faces":{"north":{"uv":[0.025,0.025,1.975,9.975],"texture":"#2"},"east":{"uv":[0.025,0.025,1.975,9.975],"texture":"#2"},"south":{"uv":[0.025,0.025,1.975,9.975],"texture":"#2"},"west":{"uv":[0.025,0.025,1.975,9.975],"texture":"#2"},"up":{"uv":[0.025,0.025,1.975,1.95],"texture":"#2"},"down":{"uv":[0.025,0.025,1.975,1.95],"texture":"#2"}}},{"from":[14,0,13],"to":[20,26,19],"faces":{"north":{"uv":[0.025,0.025,1.975,9.975],"texture":"#2"},"east":{"uv":[0.025,0.025,1.975,9.975],"texture":"#2"},"south":{"uv":[0.025,0.025,1.975,9.975],"texture":"#2"},"west":{"uv":[0.025,0.025,1.975,9.975],"texture":"#2"},"up":{"uv":[0.025,0.025,1.975,1.95],"texture":"#2"},"down":{"uv":[0.025,0.025,1.975,1.95],"texture":"#2"}}},{"from":[-4,0,13],"to":[2,26,19],"faces":{"north":{"uv":[0.025,0.025,1.975,9.975],"texture":"#2"},"east":{"uv":[0.025,0.025,1.975,9.975],"texture":"#2"},"south":{"uv":[0.025,0.025,1.975,9.975],"texture":"#2"},"west":{"uv":[0.025,0.025,1.975,9.975],"texture":"#2"},"up":{"uv":[0.025,0.025,1.975,1.95],"texture":"#2"},"down":{"uv":[0.025,0.025,1.975,1.95],"texture":"#2"}}},{"from":[0,3,0],"to":[15,22,16],"faces":{"north":{"uv":[3.25,0,8.75,6],"texture":"#2"},"east":{"uv":[3.25,0,8.75,6],"texture":"#2"},"south":{"uv":[3.25,0,8.75,6],"texture":"#2"},"west":{"uv":[3.25,0,8.75,6],"texture":"#2"},"up":{"uv":[3.25,0,8.75,6],"texture":"#2"},"down":{"uv":[3.25,0,8.75,6],"texture":"#2"}}}],"gui_light":"front","display":{"thirdperson_righthand":{"scale":[0.4,0.4,0.4]},"thirdperson_lefthand":{"scale":[0.4,0.4,0.4]},"firstperson_righthand":{"rotation":[0,122,0],"translation":[2.5,1.75,0.0],"scale":[0.4,0.4,0.4]},"firstperson_lefthand":{"rotation":[0,133,0],"translation":[2.5,1.75,0.0],"scale":[0.4,0.4,0.4]},"ground":{"translation":[0.0,2.0,0.0],"scale":[0.4,0.4,0.4]},"gui":{"rotation":[-164.59,21.02,171.52],"translation":[0,-2.75,0],"scale":[0.51211,0.50469,0.6]},"fixed":{"rotation":[-90,0,0],"translation":[0,0.25,-14],"scale":[2,2,2]}}}