{"credit":"Made with Blockbench","textures":{"0":"infinitecrops:item/basics/robot_water","1":"infinitecrops:item/basics/robot_fly","2":"infinitecrops:item/basics/robot_water_fly","3":"infinitecrops:item/basics/robot_water_eye","particle":"infinitecrops:item/basics/robot_water"},"elements":[{"from":[5.3,10.245,6.06],"to":[11.05,15.995,11.81],"rotation":{"angle":0,"axis":"y","origin":[9.3725,17.85375,9.2575]},"faces":{"north":{"uv":[7.46667,13.80889,8.89333,16],"texture":"#0"},"east":{"uv":[6.04444,13.86667,7.46667,16],"texture":"#0"},"south":{"uv":[4.62222,13.80889,6.04889,16],"texture":"#0"},"west":{"uv":[8.88889,13.80889,10.31556,16],"texture":"#0"},"up":{"uv":[7.47111,13.86667,6.04444,11.67556],"rotation":90,"texture":"#0"},"down":{"uv":[7.46667,11.67556,8.89333,13.86667],"texture":"#0"}}},{"from":[5.185,10.13,5.945],"to":[11.165,16.11,11.925],"rotation":{"angle":0,"axis":"y","origin":[9.3725,17.85375,9.2575]},"faces":{"north":{"uv":[13.15111,13.80889,14.57778,16],"texture":"#0"},"east":{"uv":[0,0,16,16],"texture":"#3"},"south":{"uv":[10.30667,13.80889,11.73333,16],"texture":"#0"},"west":{"uv":[14.57333,13.80889,16,16],"texture":"#0"},"up":{"uv":[13.15556,13.86667,11.72889,11.67556],"rotation":90,"texture":"#0"},"down":{"uv":[13.15111,11.67556,14.57778,13.86667],"texture":"#0"}}},{"from":[7.14,15.88,7.9],"to":[7.6,17.95,8.36],"rotation":{"angle":0,"axis":"y","origin":[9.3725,17.85375,9.2575]},"faces":{"north":{"uv":[0.92444,1.15556,1.04,2.48222],"texture":"#0"},"east":{"uv":[0.92444,1.15556,1.04,2.48222],"texture":"#0"},"south":{"uv":[0.92444,1.15556,1.04,2.48222],"texture":"#0"},"west":{"uv":[0.92444,1.15556,1.04,2.48222],"texture":"#0"},"up":{"uv":[0.92444,1.15556,1.04,1.23778],"texture":"#0"},"down":{"uv":[0.92444,1.15556,1.04,2.48222],"texture":"#0"}}},{"from":[7.14,15.88,6.75],"to":[7.6,20.595,7.21],"rotation":{"angle":0,"axis":"y","origin":[9.3725,17.85375,9.2575]},"faces":{"north":{"uv":[0.92444,1.15556,1.04,2.48222],"texture":"#0"},"east":{"uv":[0.92444,1.15556,1.04,2.48222],"texture":"#0"},"south":{"uv":[0.92444,1.15556,1.04,2.48222],"texture":"#0"},"west":{"uv":[0.92444,1.15556,1.04,2.48222],"texture":"#0"},"up":{"uv":[0.92444,1.15556,1.04,1.23778],"texture":"#0"},"down":{"uv":[0.92444,1.15556,1.04,2.48222],"texture":"#0"}}},{"from":[3.8,0,4.7],"to":[8.8,9,12.7],"rotation":{"angle":-22.5,"axis":"z","origin":[8.5,4.5,8.5]},"faces":{"north":{"uv":[3.54667,0.53333,2.13333,4.40889],"texture":"#0"},"east":{"uv":[0.71111,1.10222,2.12444,4.23111],"texture":"#0"},"south":{"uv":[2.13333,0.53333,3.54667,4.40889],"texture":"#0"},"west":{"uv":[2.13333,0.83556,3.54667,4.40889],"texture":"#0"},"up":{"uv":[9.05778,1.26222,7.64444,0.56889],"rotation":90,"texture":"#0"},"down":{"uv":[1.24444,0,2.12444,1.28],"texture":"#0"}}},{"from":[3.8,-0.6,4.7],"to":[8.8,0,12.7],"rotation":{"angle":-22.5,"axis":"z","origin":[8.5,4.5,8.5]},"faces":{"north":{"uv":[0,0,0.91333,2.92889],"texture":"#1"},"east":{"uv":[0,0,0.91333,2.92889],"texture":"#1"},"south":{"uv":[0,0,0.91333,2.92889],"texture":"#1"},"west":{"uv":[0,0,0.91333,2.92889],"texture":"#1"},"up":{"uv":[0,0,0.91333,2.92889],"texture":"#1"},"down":{"uv":[0,0,0.91333,2.92889],"texture":"#1"}}},{"from":[6,7,12],"to":[9.5,10.3,15],"faces":{"north":{"uv":[0.86667,6.04444,0,6.96444],"texture":"#0"},"east":{"uv":[0.86667,6.04444,0,6.96444],"texture":"#0"},"south":{"uv":[0.86667,6.04444,0,6.96444],"texture":"#0"},"west":{"uv":[0.86667,6.04444,0,6.96444],"texture":"#0"},"up":{"uv":[0.86667,6.04444,0,6.96444],"texture":"#0"},"down":{"uv":[0.86667,6.04444,0,6.96444],"texture":"#0"}}},{"from":[7.6,5.9,16.9],"to":[11.1,9.2,20.9],"rotation":{"angle":45,"axis":"y","origin":[7.75,8.65,19.3]},"faces":{"north":{"uv":[1.4,5.77778,0,6.87556],"rotation":90,"texture":"#0"},"east":{"uv":[1.4,5.77778,0,6.87556],"rotation":90,"texture":"#0"},"south":{"uv":[1.4,5.77778,0,6.87556],"rotation":90,"texture":"#0"},"west":{"uv":[1.4,5.77778,0,6.87556],"rotation":90,"texture":"#0"},"up":{"uv":[1.4,5.77778,0,6.87556],"rotation":90,"texture":"#0"},"down":{"uv":[1.4,5.77778,0,6.87556],"rotation":90,"texture":"#0"}}},{"from":[8.09289,5.53431,15.7],"to":[10.19289,9.83431,20.2],"rotation":{"angle":-22.5,"axis":"y","origin":[7.04289,8.08431,21.35]},"faces":{"north":{"uv":[2.82222,7.46667,2.48889,8.56444],"texture":"#0"},"east":{"uv":[6.04444,5.52889,6.92889,6.89333],"texture":"#0"},"south":{"uv":[2.82222,7.46667,2.48889,8.56444],"texture":"#0"},"west":{"uv":[1.06667,5.51111,1.4,6.60889],"texture":"#0"},"up":{"uv":[2.82222,7.46667,2.48889,8.56444],"texture":"#0"},"down":{"uv":[2.82222,7.46667,2.48889,8.56444],"texture":"#0"}}},{"from":[11.98062,2.84154,14.88647],"to":[11.98062,11.61784,24.07097],"rotation":{"angle":0,"axis":"y","origin":[11.98062,7.22969,19.47872]},"faces":{"north":{"uv":[0,0,16,16],"texture":"#2"},"east":{"uv":[0,0,16,16],"texture":"#2"},"south":{"uv":[0,0,16,16],"texture":"#2"},"west":{"uv":[0,0,16,16],"texture":"#2"},"up":{"uv":[0,0,16,16],"texture":"#2"},"down":{"uv":[0,0,16,16],"texture":"#2"}}},{"from":[11.98062,2.84154,14.88647],"to":[11.98062,11.61784,24.07097],"rotation":{"angle":-45,"axis":"y","origin":[11.98062,7.22969,19.47872]},"faces":{"north":{"uv":[0,0,16,16],"texture":"#2"},"east":{"uv":[0,0,16,16],"texture":"#2"},"south":{"uv":[0,0,16,16],"texture":"#2"},"west":{"uv":[0,0,16,16],"texture":"#2"},"up":{"uv":[0,0,16,16],"texture":"#2"},"down":{"uv":[0,0,16,16],"texture":"#2"}}},{"from":[6.7,6.8,14.2],"to":[8.9,9,17.7],"rotation":{"angle":22.5,"axis":"x","origin":[7.8,8.6,16.75]},"faces":{"north":{"uv":[4.62222,5.51111,5.31111,6.78667],"texture":"#0"},"east":{"uv":[4.62222,6.89778,5.31111,7.71111],"texture":"#0"},"south":{"uv":[4.62222,5.51111,5.31111,6.78667],"texture":"#0"},"west":{"uv":[4.62222,7.96444,5.31111,8.77778],"texture":"#0"},"up":{"uv":[4.62222,5.51111,5.31111,6.78667],"texture":"#0"},"down":{"uv":[4.62222,5.51111,5.31111,6.78667],"texture":"#0"}}},{"from":[6,7,2],"to":[9.5,10.3,5],"rotation":{"angle":0,"axis":"y","origin":[0,0,17]},"faces":{"north":{"uv":[0.86667,6.04444,0,6.96444],"texture":"#0"},"east":{"uv":[0.86667,6.04444,0,6.96444],"texture":"#0"},"south":{"uv":[0.86667,6.04444,0,6.96444],"texture":"#0"},"west":{"uv":[0.86667,6.04444,0,6.96444],"texture":"#0"},"up":{"uv":[0.86667,6.04444,0,6.96444],"texture":"#0"},"down":{"uv":[0.86667,6.04444,0,6.96444],"texture":"#0"}}},{"from":[11.98062,2.84154,-7.07097],"to":[11.98062,11.61784,2.11353],"rotation":{"angle":0,"axis":"y","origin":[11.98062,7.22969,-2.47872]},"faces":{"north":{"uv":[16,0,0,16],"texture":"#2"},"east":{"uv":[16,0,0,16],"texture":"#2"},"south":{"uv":[16,0,0,16],"texture":"#2"},"west":{"uv":[16,0,0,16],"texture":"#2"},"up":{"uv":[0,16,16,0],"texture":"#2"},"down":{"uv":[0,16,16,0],"texture":"#2"}}},{"from":[11.98062,2.84154,-7.07097],"to":[11.98062,11.61784,2.11353],"rotation":{"angle":45,"axis":"y","origin":[11.98062,7.22969,-2.47872]},"faces":{"north":{"uv":[16,0,0,16],"texture":"#2"},"east":{"uv":[16,0,0,16],"texture":"#2"},"south":{"uv":[16,0,0,16],"texture":"#2"},"west":{"uv":[16,0,0,16],"texture":"#2"},"up":{"uv":[0,16,16,0],"texture":"#2"},"down":{"uv":[0,16,16,0],"texture":"#2"}}},{"from":[7.6,5.9,-3.9],"to":[11.1,9.2,0.1],"rotation":{"angle":-45,"axis":"y","origin":[7.75,8.65,-2.3]},"faces":{"north":{"uv":[0,5.77778,1.4,6.87556],"rotation":90,"texture":"#0"},"east":{"uv":[0,5.77778,1.4,6.87556],"rotation":90,"texture":"#0"},"south":{"uv":[0,5.77778,1.4,6.87556],"rotation":90,"texture":"#0"},"west":{"uv":[0,5.77778,1.4,6.87556],"rotation":90,"texture":"#0"},"up":{"uv":[0,5.77778,1.4,6.87556],"rotation":90,"texture":"#0"},"down":{"uv":[0,5.77778,1.4,6.87556],"rotation":90,"texture":"#0"}}},{"from":[8.09289,5.53431,-3.2],"to":[10.19289,9.83431,1.3],"rotation":{"angle":22.5,"axis":"y","origin":[7.04289,8.08431,-4.35]},"faces":{"north":{"uv":[2.82222,7.46667,2.48889,8.56444],"texture":"#0"},"east":{"uv":[6.92889,5.52889,6.04444,6.89333],"texture":"#0"},"south":{"uv":[2.82222,7.46667,2.48889,8.56444],"texture":"#0"},"west":{"uv":[1.4,5.51111,1.06667,6.60889],"texture":"#0"},"up":{"uv":[2.82222,7.46667,2.48889,8.56444],"texture":"#0"},"down":{"uv":[2.82222,7.46667,2.48889,8.56444],"texture":"#0"}}},{"from":[6.7,6.8,-0.7],"to":[8.9,9,2.8],"rotation":{"angle":-22.5,"axis":"x","origin":[7.8,8.6,0.25]},"faces":{"north":{"uv":[5.31111,5.51111,4.62222,6.78667],"texture":"#0"},"east":{"uv":[5.31111,6.89778,4.62222,7.71111],"texture":"#0"},"south":{"uv":[5.31111,5.51111,4.62222,6.78667],"texture":"#0"},"west":{"uv":[5.31111,7.96444,4.62222,8.77778],"texture":"#0"},"up":{"uv":[4.62222,6.78667,5.31111,5.51111],"texture":"#0"},"down":{"uv":[4.62222,6.78667,5.31111,5.51111],"texture":"#0"}}},{"from":[6.7,9.18822,7.67586],"to":[8.9,12.68822,9.87586],"rotation":{"angle":0,"axis":"y","origin":[7.8,10.93822,8.67586]},"faces":{"north":{"uv":[4.37333,3.11111,4.86667,4.38667],"texture":"#0"},"east":{"uv":[4.37333,3.11111,4.86667,4.38667],"texture":"#0"},"south":{"uv":[4.37333,3.11111,4.86667,4.38667],"texture":"#0"},"west":{"uv":[4.37333,3.11111,4.86667,4.38667],"texture":"#0"},"up":{"uv":[4.37333,3.11111,4.86667,4.38667],"texture":"#0"},"down":{"uv":[4.37333,3.11111,4.86667,4.38667],"texture":"#0"}}},{"from":[-4.7,3,5.1],"to":[3.3,14,12.5],"rotation":{"angle":-22.5,"axis":"z","origin":[-2,5.5,12]},"faces":{"north":{"uv":[9.95556,0,11.37333,2.75111],"texture":"#0"},"east":{"uv":[9.95556,0,11.37333,2.75111],"texture":"#0"},"south":{"uv":[9.95556,0,11.37333,2.75111],"texture":"#0"},"west":{"uv":[9.95556,0,11.37333,2.75111],"texture":"#0"},"up":{"uv":[11.55556,0,12.79556,1.93333],"texture":"#0"},"down":{"uv":[11.55556,0,12.79556,1.93333],"texture":"#0"}}},{"from":[3.8,-1.6,4.7],"to":[8.8,-1.6,12.7],"rotation":{"angle":-22.5,"axis":"z","origin":[8.5,4.5,8.5]},"faces":{"north":{"uv":[12,8,0,0],"rotation":90,"texture":"#1"},"east":{"uv":[12,8,0,0],"rotation":90,"texture":"#1"},"south":{"uv":[12,8,0,0],"rotation":90,"texture":"#1"},"west":{"uv":[12,8,0,0],"rotation":90,"texture":"#1"},"up":{"uv":[12,8,0,0],"rotation":90,"texture":"#1"},"down":{"uv":[12,8,0,0],"rotation":90,"texture":"#1"}}},{"from":[4.8,-2.6,5.7],"to":[7.8,-2.6,11.7],"rotation":{"angle":-22.5,"axis":"z","origin":[8.5,4.5,8.5]},"faces":{"north":{"uv":[12,8,0,0],"rotation":90,"texture":"#1"},"east":{"uv":[12,8,0,0],"rotation":90,"texture":"#1"},"south":{"uv":[12,8,0,0],"rotation":90,"texture":"#1"},"west":{"uv":[12,8,0,0],"rotation":90,"texture":"#1"},"up":{"uv":[12,8,0,0],"rotation":90,"texture":"#1"},"down":{"uv":[12,8,0,0],"rotation":90,"texture":"#1"}}},{"from":[4.8,-3.6,5.7],"to":[7.8,-3.6,11.7],"rotation":{"angle":-22.5,"axis":"z","origin":[8.5,4.5,8.5]},"faces":{"north":{"uv":[12,8,0,0],"rotation":90,"texture":"#1"},"east":{"uv":[12,8,0,0],"rotation":90,"texture":"#1"},"south":{"uv":[12,8,0,0],"rotation":90,"texture":"#1"},"west":{"uv":[12,8,0,0],"rotation":90,"texture":"#1"},"up":{"uv":[12,16,0,8],"rotation":90,"texture":"#1"},"down":{"uv":[12,16,0,8],"rotation":90,"texture":"#1"}}},{"from":[5.4,-4.6,6.7],"to":[7.2,-4.6,10.7],"rotation":{"angle":-22.5,"axis":"z","origin":[8.5,4.5,8.5]},"faces":{"north":{"uv":[12,8,0,0],"rotation":90,"texture":"#1"},"east":{"uv":[12,8,0,0],"rotation":90,"texture":"#1"},"south":{"uv":[12,8,0,0],"rotation":90,"texture":"#1"},"west":{"uv":[12,8,0,0],"rotation":90,"texture":"#1"},"up":{"uv":[12,16,0,8],"rotation":90,"texture":"#1"},"down":{"uv":[12,16,0,8],"rotation":90,"texture":"#1"}}},{"from":[5.7,-5.6,8.2],"to":[6.5,-5.6,9.2],"rotation":{"angle":-22.5,"axis":"z","origin":[8.5,4.5,8.5]},"faces":{"north":{"uv":[12,8,0,0],"rotation":90,"texture":"#1"},"east":{"uv":[12,8,0,0],"rotation":90,"texture":"#1"},"south":{"uv":[12,8,0,0],"rotation":90,"texture":"#1"},"west":{"uv":[12,8,0,0],"rotation":90,"texture":"#1"},"up":{"uv":[16,6,13,4],"rotation":90,"texture":"#1"},"down":{"uv":[12,16,0,8],"rotation":90,"texture":"#1"}}}],"display":{"thirdperson_righthand":{"rotation":[105.78,69.75,-42.09]},"thirdperson_lefthand":{"rotation":[13.13,-71.94,-49.94]},"firstperson_righthand":{"rotation":[180,-41,-176.75]},"firstperson_lefthand":{"rotation":[0,34.25,0]},"ground":{"translation":[0,10.75,0]},"gui":{"rotation":[23,-117,0]},"head":{"rotation":[-180,83,-180],"translation":[0,2.75,4],"scale":[2,2,2]},"fixed":{"rotation":[-82,90,0],"translation":[0,-2,-32.5],"scale":[2.5,2.5,2.5]}}}