{"credit":"Blockbench","textures":{"1":"infinitecrops:item/basics/solar_panel","2":"infinitecrops:item/basics/solar","particle":"infinitecrops:item/basics/solar"},"elements":[{"from":[10,0.5,-3],"to":[26,1.5,13],"rotation":{"angle":-22.5,"axis":"x","origin":[18,8,0.5]},"faces":{"north":{"uv":[0,0,16,1],"rotation":180,"texture":"#1"},"east":{"uv":[0,0,1,16],"rotation":270,"texture":"#1"},"south":{"uv":[0,0,16,1],"texture":"#1"},"west":{"uv":[0,0,1,16],"rotation":90,"texture":"#1"},"up":{"uv":[0,0,16,16],"rotation":180,"texture":"#1"},"down":{"uv":[0,0,16,16],"texture":"#1"}}},{"from":[10,0,11],"to":[11,5,12],"rotation":{"angle":0,"axis":"y","origin":[10,0,0]},"faces":{"north":{"uv":[0,0,1,5],"texture":"#1"},"east":{"uv":[0,0,1,5],"texture":"#1"},"south":{"uv":[0,0,1,5],"texture":"#1"},"west":{"uv":[0,0,1,5],"texture":"#1"},"up":{"uv":[0,0,1,1],"texture":"#1"},"down":{"uv":[0,0,1,1],"texture":"#1"}}},{"from":[25,0,11],"to":[26,5,12],"rotation":{"angle":0,"axis":"y","origin":[10,0,0]},"faces":{"north":{"uv":[0,0,1,5],"texture":"#1"},"east":{"uv":[0,0,1,5],"texture":"#1"},"south":{"uv":[0,0,1,5],"texture":"#1"},"west":{"uv":[0,0,1,5],"texture":"#1"},"up":{"uv":[0,0,1,1],"texture":"#1"},"down":{"uv":[0,0,1,1],"texture":"#1"}}},{"from":[-9,0.5,-3],"to":[7,1.5,13],"rotation":{"angle":-22.5,"axis":"x","origin":[-1,8,0.5]},"faces":{"north":{"uv":[0,0,16,1],"rotation":180,"texture":"#1"},"east":{"uv":[0,0,1,16],"rotation":270,"texture":"#1"},"south":{"uv":[0,0,16,1],"texture":"#1"},"west":{"uv":[0,0,1,16],"rotation":90,"texture":"#1"},"up":{"uv":[0,0,16,16],"rotation":180,"texture":"#1"},"down":{"uv":[0,0,16,16],"texture":"#1"}}},{"from":[7,0.5,-3],"to":[10,1.5,13],"rotation":{"angle":-22.5,"axis":"x","origin":[-1,8,0.5]},"faces":{"north":{"uv":[0,0,12.8,1],"rotation":180,"texture":"#2"},"east":{"uv":[0,0,1,16],"rotation":270,"texture":"#2"},"south":{"uv":[0,0,12.8,1],"texture":"#2"},"west":{"uv":[0,0,1,16],"rotation":90,"texture":"#2"},"up":{"uv":[0,0,12.8,16],"rotation":180,"texture":"#2"},"down":{"uv":[0,0,12.8,16],"texture":"#2"}}},{"from":[-9,0,11],"to":[-8,5,12],"rotation":{"angle":0,"axis":"y","origin":[-9,0,0]},"faces":{"north":{"uv":[0,0,1,5],"texture":"#1"},"east":{"uv":[0,0,1,5],"texture":"#1"},"south":{"uv":[0,0,1,5],"texture":"#1"},"west":{"uv":[0,0,1,5],"texture":"#1"},"up":{"uv":[0,0,1,1],"texture":"#1"},"down":{"uv":[0,0,1,1],"texture":"#1"}}},{"from":[6,0,11],"to":[7,5,12],"rotation":{"angle":0,"axis":"y","origin":[-9,0,0]},"faces":{"north":{"uv":[0,0,1,5],"texture":"#1"},"east":{"uv":[0,0,1,5],"texture":"#1"},"south":{"uv":[0,0,1,5],"texture":"#1"},"west":{"uv":[0,0,1,5],"texture":"#1"},"up":{"uv":[0,0,1,1],"texture":"#1"},"down":{"uv":[0,0,1,1],"texture":"#1"}}}],"gui_light":"front","display":{"thirdperson_righthand":{"translation":[0.0,3.0,0.0],"scale":[0.5,0.5,0.5],"rotation":[75.0,0.0,0.0]},"thirdperson_lefthand":{"translation":[0.0,3.0,0.0],"scale":[0.5,0.5,0.5],"rotation":[75.0,0.0,0.0]},"firstperson_righthand":{"rotation":[34,116,0],"translation":[1.0,3.75,2.75],"scale":[0.5,0.5,0.5]},"firstperson_lefthand":{"rotation":[40,102,0],"translation":[1.5,3.75,4.0],"scale":[0.5,0.5,0.5]},"ground":{"translation":[0.0,2.0,0.0],"scale":[0.5,0.5,0.5]},"gui":{"rotation":[-137.24,33.52,171.2],"translation":[-1,1.5,0],"scale":[0.55,0.55,0.55]},"head":{"translation":[0,14,0]},"fixed":{"rotation":[-90,0,0],"translation":[0,1.5,-14.75],"scale":[2,2,2]}}}