{"credit":"Blockbench","textures":{"1":"infinitecrops:item/crops/ore_crops/stage_4","2":"infinitecrops:item/crops/ore_crops/diamond","3":"infinitecrops:item/crops/ore_crops/diamond_nugget","particle":"infinitecrops:item/crops/ore_crops/diamond"},"elements":[{"from":[5,17.3,8.1],"to":[11,23.3,8.1],"faces":{"north":{"uv":[0,0,16,16],"texture":"#2"},"east":{"uv":[0,0,16,16],"texture":"#2"},"south":{"uv":[0,0,16,16],"texture":"#2"},"west":{"uv":[0,0,16,16],"texture":"#2"},"up":{"uv":[0,0,16,16],"texture":"#2"},"down":{"uv":[0,0,16,16],"texture":"#2"}}},{"from":[8,17.3,5.1],"to":[8,23.3,11.1],"rotation":{"angle":0,"axis":"y","origin":[8,21.7,8.1]},"faces":{"north":{"uv":[0,0,16,16],"texture":"#2"},"east":{"uv":[0,0,16,16],"texture":"#2"},"south":{"uv":[0,0,16,16],"texture":"#2"},"west":{"uv":[0,0,16,16],"texture":"#2"},"up":{"uv":[0,0,16,16],"rotation":270,"texture":"#2"},"down":{"uv":[0,0,16,16],"rotation":90,"texture":"#2"}}},{"from":[8.111,0,-0.88],"to":[8.111,21.09,16.88],"rotation":{"angle":0,"axis":"y","origin":[8,10.545,8]},"faces":{"north":{"uv":[3,5.5,13,16],"texture":"#1"},"east":{"uv":[3,5.5,13,16],"texture":"#1"},"south":{"uv":[3,5.5,13,16],"texture":"#1"},"west":{"uv":[3,5.5,13,16],"texture":"#1"},"up":{"uv":[3,5.5,13,16],"texture":"#1"},"down":{"uv":[3,5.5,13,16],"texture":"#1"}}},{"from":[-0.769,0,8],"to":[16.991,21.09,8],"rotation":{"angle":0,"axis":"y","origin":[8.111,10.545,8]},"faces":{"north":{"uv":[3,5.5,13,16],"texture":"#1"},"east":{"uv":[3,5.5,13,16],"texture":"#1"},"south":{"uv":[3,5.5,13,16],"texture":"#1"},"west":{"uv":[3,5.5,13,16],"texture":"#1"},"up":{"uv":[3,5.5,13,16],"texture":"#1"},"down":{"uv":[3,5.5,13,16],"texture":"#1"}}},{"from":[-0.769,0,8],"to":[16.991,21.09,8],"rotation":{"angle":-45,"axis":"y","origin":[8.111,10.545,8]},"faces":{"north":{"uv":[3,5.5,13,16],"texture":"#1"},"east":{"uv":[3,5.5,13,16],"texture":"#1"},"south":{"uv":[3,5.5,13,16],"texture":"#1"},"west":{"uv":[3,5.5,13,16],"texture":"#1"},"up":{"uv":[3,5.5,13,16],"texture":"#1"},"down":{"uv":[3,5.5,13,16],"texture":"#1"}}},{"from":[8.111,0,-0.88],"to":[8.111,21.09,16.88],"rotation":{"angle":-45,"axis":"y","origin":[8.111,10.545,8]},"faces":{"north":{"uv":[3,5.5,13,16],"texture":"#1"},"east":{"uv":[3,5.5,13,16],"texture":"#1"},"south":{"uv":[3,5.5,13,16],"texture":"#1"},"west":{"uv":[3,5.5,13,16],"texture":"#1"},"up":{"uv":[3,5.5,13,16],"texture":"#1"},"down":{"uv":[3,5.5,13,16],"texture":"#1"}}},{"from":[11.488,9.19,3.851],"to":[13.908,11.61,6.271],"rotation":{"angle":45,"axis":"y","origin":[14.05,8.47,8]},"faces":{"north":{"uv":[0,0,16,16],"texture":"#3"},"east":{"uv":[0,0,16,16],"texture":"#3"},"south":{"uv":[0,0,16,16],"texture":"#3"},"west":{"uv":[0,0,16,16],"texture":"#3"},"up":{"uv":[0,0,16,16],"texture":"#3"},"down":{"uv":[0,0,16,16],"texture":"#3"}}},{"from":[7.758,4.84,-0.349],"to":[10.178,7.26,2.071],"rotation":{"angle":45,"axis":"y","origin":[14.05,8.47,8]},"faces":{"north":{"uv":[0,0,16,16],"texture":"#3"},"east":{"uv":[0,0,16,16],"texture":"#3"},"south":{"uv":[0,0,16,16],"texture":"#3"},"west":{"uv":[0,0,16,16],"texture":"#3"},"up":{"uv":[0,0,16,16],"texture":"#3"},"down":{"uv":[0,0,16,16],"texture":"#3"}}},{"from":[7.227,10.895,4.396],"to":[9.647,13.315,6.816],"rotation":{"angle":45,"axis":"y","origin":[14.05,8.47,8]},"faces":{"north":{"uv":[0,0,16,16],"texture":"#3"},"east":{"uv":[0,0,16,16],"texture":"#3"},"south":{"uv":[0,0,16,16],"texture":"#3"},"west":{"uv":[0,0,16,16],"texture":"#3"},"up":{"uv":[0,0,16,16],"texture":"#3"},"down":{"uv":[0,0,16,16],"texture":"#3"}}}],"gui_light":"front","display":{"thirdperson_righthand":{"translation":[0.0,2.75,0.75],"rotation":[0.0,-180.0,0.0],"scale":[0.4,0.4,0.4]},"gui":{"rotation":[13.69,9.46,-2.3],"translation":[0,-1.75,0],"scale":[1,0.8,1]},"fixed":{"rotation":[-90,0,0],"translation":[0,0,-19],"scale":[2.5,2.5,2.5]},"display":{"scale":[0.5,0.5,0.5]},"thirdperson_lefthand":{"rotation":[0.0,0.0,0.0],"translation":[0.0,2.75,0.75],"scale":[0.4,0.4,0.4]},"firstperson_righthand":{"rotation":[0.0,140.0,0.0],"translation":[3.5,2.5,0.0],"scale":[0.4,0.4,0.4]},"firstperson_lefthand":{"rotation":[0.0,-44.0,0.0],"translation":[-1.0,4.25,2.75],"scale":[0.4,0.4,0.4]},"ground":{"translation":[0.0,2.0,0.0],"scale":[0.5,0.5,0.5]}}}