{"credit":"Blockbench","textures":{"1":"infinitecrops:item/crops/grape/stage_4","2":"infinitecrops:item/crops/grape/stick","3":"infinitecrops:item/crops/grape/grape","particle":"infinitecrops:item/crops/grape/stick"},"elements":[{"from":[15,0,0],"to":[16,29,1],"faces":{"north":{"uv":[0,0,1,16],"texture":"#2"},"east":{"uv":[0,0,1,16],"texture":"#2"},"south":{"uv":[0,0,1,16],"texture":"#2"},"west":{"uv":[0,0,1,16],"texture":"#2"},"up":{"uv":[0,0,1,1],"texture":"#2"},"down":{"uv":[0,0,1,1],"texture":"#2"}}},{"from":[15,0,15],"to":[16,29,16],"faces":{"north":{"uv":[0,0,1,16],"texture":"#2"},"east":{"uv":[0,0,1,16],"texture":"#2"},"south":{"uv":[0,0,1,16],"texture":"#2"},"west":{"uv":[0,0,1,16],"texture":"#2"},"up":{"uv":[0,0,1,1],"texture":"#2"},"down":{"uv":[0,0,1,1],"texture":"#2"}}},{"from":[0,0,15],"to":[1,29,16],"faces":{"north":{"uv":[0,0,1,16],"texture":"#2"},"east":{"uv":[0,0,1,16],"texture":"#2"},"south":{"uv":[0,0,1,16],"texture":"#2"},"west":{"uv":[0,0,1,16],"texture":"#2"},"up":{"uv":[0,0,1,1],"texture":"#2"},"down":{"uv":[0,0,1,1],"texture":"#2"}}},{"from":[0,0,0],"to":[1,29,1],"faces":{"north":{"uv":[0,0,1,16],"texture":"#2"},"east":{"uv":[0,0,1,16],"texture":"#2"},"south":{"uv":[0,0,1,16],"texture":"#2"},"west":{"uv":[0,0,1,16],"texture":"#2"},"up":{"uv":[0,0,1,1],"texture":"#2"},"down":{"uv":[0,0,1,1],"texture":"#2"}}},{"from":[-2.1,25,0],"to":[17.9,26,1],"faces":{"north":{"uv":[8,0,8.8,5.6],"rotation":90,"texture":"#2"},"east":{"uv":[8,0,8.8,0.8],"rotation":90,"texture":"#2"},"south":{"uv":[8,5.6,8.8,0],"rotation":90,"texture":"#2"},"west":{"uv":[8,0,8.8,0.8],"rotation":90,"texture":"#2"},"up":{"uv":[8.8,5.6,8,0],"rotation":90,"texture":"#2"},"down":{"uv":[8,5.6,8.8,0],"rotation":90,"texture":"#2"}}},{"from":[-2,25,15],"to":[18,26,16],"faces":{"north":{"uv":[8,0,8.8,5.6],"rotation":90,"texture":"#2"},"east":{"uv":[8,0,8.8,0.8],"rotation":90,"texture":"#2"},"south":{"uv":[8,5.6,8.8,0],"rotation":90,"texture":"#2"},"west":{"uv":[8,0,8.8,0.8],"rotation":90,"texture":"#2"},"up":{"uv":[8.8,5.6,8,0],"rotation":90,"texture":"#2"},"down":{"uv":[8,5.6,8.8,0],"rotation":90,"texture":"#2"}}},{"from":[15,25,-2.5],"to":[16,26,17.5],"rotation":{"angle":0,"axis":"y","origin":[8,25.5,7.5]},"faces":{"north":{"uv":[8,0,8.8,0.8],"rotation":90,"texture":"#2"},"east":{"uv":[8,0,8.8,5.6],"rotation":90,"texture":"#2"},"south":{"uv":[8,0,8.8,0.8],"rotation":90,"texture":"#2"},"west":{"uv":[8,5.6,8.8,0],"rotation":90,"texture":"#2"},"up":{"uv":[8.8,5.6,8,0],"rotation":180,"texture":"#2"},"down":{"uv":[8,5.6,8.8,0],"texture":"#2"}}},{"from":[0,25,-2.5],"to":[1,26,17.5],"rotation":{"angle":0,"axis":"y","origin":[8,25.5,7.5]},"faces":{"north":{"uv":[8,0,8.8,0.8],"rotation":90,"texture":"#2"},"east":{"uv":[8,0,8.8,5.6],"rotation":90,"texture":"#2"},"south":{"uv":[8,0,8.8,0.8],"rotation":90,"texture":"#2"},"west":{"uv":[8,5.6,8.8,0],"rotation":90,"texture":"#2"},"up":{"uv":[8.8,5.6,8,0],"rotation":180,"texture":"#2"},"down":{"uv":[8,5.6,8.8,0],"texture":"#2"}}},{"from":[-7.5,0,8],"to":[23.5,32,8],"rotation":{"angle":45,"axis":"y","origin":[8,6,8]},"faces":{"north":{"uv":[0,0,16,16],"texture":"#1"},"east":{"uv":[0,0,16,16],"texture":"#1"},"south":{"uv":[0,0,16,16],"texture":"#1"},"west":{"uv":[0,0,16,16],"texture":"#1"},"up":{"uv":[0,0,16,16],"texture":"#1"},"down":{"uv":[0,0,16,16],"texture":"#1"}}},{"from":[7.85355,0,-7.85355],"to":[7.85355,32,23.14645],"rotation":{"angle":45,"axis":"y","origin":[8.35355,10.5,7.64645]},"faces":{"north":{"uv":[0,0,16,16],"texture":"#1"},"east":{"uv":[0,0,16,16],"texture":"#1"},"south":{"uv":[0,0,16,16],"texture":"#1"},"west":{"uv":[0,0,16,16],"texture":"#1"},"up":{"uv":[0,0,16,16],"rotation":270,"texture":"#1"},"down":{"uv":[0,0,16,16],"rotation":90,"texture":"#1"}}},{"from":[2.5,18.89,5.8],"to":[6.9,24.39,5.8],"rotation":{"angle":45,"axis":"y","origin":[4.7,21.64,5.8]},"faces":{"north":{"uv":[0,0,16,16],"texture":"#3"},"east":{"uv":[0,0,16,16],"texture":"#3"},"south":{"uv":[0,0,16,16],"texture":"#3"},"west":{"uv":[0,0,16,16],"texture":"#3"},"up":{"uv":[0,0,16,16],"rotation":270,"texture":"#3"},"down":{"uv":[0,0,16,16],"rotation":90,"texture":"#3"}}},{"from":[2.5,18.89,5.8],"to":[6.9,24.39,5.8],"rotation":{"angle":-45,"axis":"y","origin":[4.7,21.64,5.8]},"faces":{"north":{"uv":[0,0,16,16],"texture":"#3"},"east":{"uv":[0,0,16,16],"texture":"#3"},"south":{"uv":[0,0,16,16],"texture":"#3"},"west":{"uv":[0,0,16,16],"texture":"#3"},"up":{"uv":[0,0,16,16],"rotation":270,"texture":"#3"},"down":{"uv":[0,0,16,16],"rotation":90,"texture":"#3"}}},{"from":[2.06,7.36,11.35],"to":[6.46,12.86,11.35],"rotation":{"angle":45,"axis":"y","origin":[4.26,10.11,11.35]},"faces":{"north":{"uv":[0,0,16,16],"texture":"#3"},"east":{"uv":[0,0,16,16],"texture":"#3"},"south":{"uv":[0,0,16,16],"texture":"#3"},"west":{"uv":[0,0,16,16],"texture":"#3"},"up":{"uv":[0,0,16,16],"rotation":270,"texture":"#3"},"down":{"uv":[0,0,16,16],"rotation":90,"texture":"#3"}}},{"from":[2.06,7.36,11.35],"to":[6.46,12.86,11.35],"rotation":{"angle":-45,"axis":"y","origin":[4.26,10.11,11.35]},"faces":{"north":{"uv":[0,0,16,16],"texture":"#3"},"east":{"uv":[0,0,16,16],"texture":"#3"},"south":{"uv":[0,0,16,16],"texture":"#3"},"west":{"uv":[0,0,16,16],"texture":"#3"},"up":{"uv":[0,0,16,16],"rotation":270,"texture":"#3"},"down":{"uv":[0,0,16,16],"rotation":90,"texture":"#3"}}},{"from":[10.31,13.17,3.6],"to":[14.71,18.67,3.6],"rotation":{"angle":45,"axis":"y","origin":[12.51,15.92,3.6]},"faces":{"north":{"uv":[0,0,16,16],"texture":"#3"},"east":{"uv":[0,0,16,16],"texture":"#3"},"south":{"uv":[0,0,16,16],"texture":"#3"},"west":{"uv":[0,0,16,16],"texture":"#3"},"up":{"uv":[0,0,16,16],"rotation":270,"texture":"#3"},"down":{"uv":[0,0,16,16],"rotation":90,"texture":"#3"}}},{"from":[10.31,13.17,3.6],"to":[14.71,18.67,3.6],"rotation":{"angle":-45,"axis":"y","origin":[12.51,15.92,3.6]},"faces":{"north":{"uv":[0,0,16,16],"texture":"#3"},"east":{"uv":[0,0,16,16],"texture":"#3"},"south":{"uv":[0,0,16,16],"texture":"#3"},"west":{"uv":[0,0,16,16],"texture":"#3"},"up":{"uv":[0,0,16,16],"rotation":270,"texture":"#3"},"down":{"uv":[0,0,16,16],"rotation":90,"texture":"#3"}}},{"from":[0.96,6.35,3.05],"to":[5.36,11.85,3.05],"rotation":{"angle":45,"axis":"y","origin":[3.16,9.1,3.05]},"faces":{"north":{"uv":[0,0,16,16],"texture":"#3"},"east":{"uv":[0,0,16,16],"texture":"#3"},"south":{"uv":[0,0,16,16],"texture":"#3"},"west":{"uv":[0,0,16,16],"texture":"#3"},"up":{"uv":[0,0,16,16],"rotation":270,"texture":"#3"},"down":{"uv":[0,0,16,16],"rotation":90,"texture":"#3"}}},{"from":[0.96,6.35,3.05],"to":[5.36,11.85,3.05],"rotation":{"angle":-45,"axis":"y","origin":[3.16,9.1,3.05]},"faces":{"north":{"uv":[0,0,16,16],"texture":"#3"},"east":{"uv":[0,0,16,16],"texture":"#3"},"south":{"uv":[0,0,16,16],"texture":"#3"},"west":{"uv":[0,0,16,16],"texture":"#3"},"up":{"uv":[0,0,16,16],"rotation":270,"texture":"#3"},"down":{"uv":[0,0,16,16],"rotation":90,"texture":"#3"}}},{"from":[7.1,17.49,9.2],"to":[11.5,22.99,9.2],"rotation":{"angle":45,"axis":"y","origin":[9.3,20.24,9.2]},"faces":{"north":{"uv":[16,0,0,16],"texture":"#3"},"east":{"uv":[16,0,0,16],"texture":"#3"},"south":{"uv":[16,0,0,16],"texture":"#3"},"west":{"uv":[16,0,0,16],"texture":"#3"},"up":{"uv":[0,16,16,0],"rotation":270,"texture":"#3"},"down":{"uv":[0,16,16,0],"rotation":90,"texture":"#3"}}},{"from":[7.1,17.49,9.2],"to":[11.5,22.99,9.2],"rotation":{"angle":-45,"axis":"y","origin":[9.3,20.24,9.2]},"faces":{"north":{"uv":[16,0,0,16],"texture":"#3"},"east":{"uv":[16,0,0,16],"texture":"#3"},"south":{"uv":[16,0,0,16],"texture":"#3"},"west":{"uv":[16,0,0,16],"texture":"#3"},"up":{"uv":[0,16,16,0],"rotation":270,"texture":"#3"},"down":{"uv":[0,16,16,0],"rotation":90,"texture":"#3"}}},{"from":[9.2,5.49,11.8],"to":[13.6,10.99,11.8],"rotation":{"angle":-45,"axis":"y","origin":[11.4,8.24,11.8]},"faces":{"north":{"uv":[16,0,0,16],"texture":"#3"},"east":{"uv":[16,0,0,16],"texture":"#3"},"south":{"uv":[16,0,0,16],"texture":"#3"},"west":{"uv":[16,0,0,16],"texture":"#3"},"up":{"uv":[0,16,16,0],"rotation":270,"texture":"#3"},"down":{"uv":[0,16,16,0],"rotation":90,"texture":"#3"}}},{"from":[9.2,5.49,11.8],"to":[13.6,10.99,11.8],"rotation":{"angle":45,"axis":"y","origin":[11.4,8.24,11.8]},"faces":{"north":{"uv":[16,0,0,16],"texture":"#3"},"east":{"uv":[16,0,0,16],"texture":"#3"},"south":{"uv":[16,0,0,16],"texture":"#3"},"west":{"uv":[16,0,0,16],"texture":"#3"},"up":{"uv":[0,16,16,0],"rotation":270,"texture":"#3"},"down":{"uv":[0,16,16,0],"rotation":90,"texture":"#3"}}}],"gui_light":"front","display":{"gui":{"rotation":[15.61,19.95,-3.38],"translation":[0,-2.75,0],"scale":[0.5,0.5,0.5]},"fixed":{"rotation":[-90,0,0],"translation":[0,0,-14],"scale":[2,2,2]},"display":{"scale":[0.5,0.5,0.5]},"thirdperson_righthand":{"rotation":[0.0,-180.0,0.0],"translation":[0.0,2.75,0.75],"scale":[0.4,0.4,0.4]},"thirdperson_lefthand":{"rotation":[0.0,0.0,0.0],"translation":[0.0,2.75,0.75],"scale":[0.4,0.4,0.4]},"firstperson_righthand":{"rotation":[0.0,140.0,0.0],"translation":[3.5,2.5,0.0],"scale":[0.4,0.4,0.4]},"firstperson_lefthand":{"rotation":[0.0,-44.0,0.0],"translation":[-1.0,4.25,2.75],"scale":[0.4,0.4,0.4]},"ground":{"translation":[0.0,2.0,0.0],"scale":[0.5,0.5,0.5]}}}