{"credit":"Blockbench","textures":{"1":"infinitecrops:item/crops/grape/stage_6","2":"infinitecrops:item/crops/grape/stick","3":"infinitecrops:item/crops/grape/grape_rotten","particle":"infinitecrops:item/crops/grape/stick"},"elements":[{"from":[15,0,0],"to":[16,29,1],"faces":{"north":{"uv":[0,0,1,16],"texture":"#2"},"east":{"uv":[0,0,1,16],"texture":"#2"},"south":{"uv":[0,0,1,16],"texture":"#2"},"west":{"uv":[0,0,1,16],"texture":"#2"},"up":{"uv":[0,0,1,1],"texture":"#2"},"down":{"uv":[0,0,1,1],"texture":"#2"}}},{"from":[15,0,15],"to":[16,29,16],"faces":{"north":{"uv":[0,0,1,16],"texture":"#2"},"east":{"uv":[0,0,1,16],"texture":"#2"},"south":{"uv":[0,0,1,16],"texture":"#2"},"west":{"uv":[0,0,1,16],"texture":"#2"},"up":{"uv":[0,0,1,1],"texture":"#2"},"down":{"uv":[0,0,1,1],"texture":"#2"}}},{"from":[0,0,15],"to":[1,29,16],"faces":{"north":{"uv":[0,0,1,16],"texture":"#2"},"east":{"uv":[0,0,1,16],"texture":"#2"},"south":{"uv":[0,0,1,16],"texture":"#2"},"west":{"uv":[0,0,1,16],"texture":"#2"},"up":{"uv":[0,0,1,1],"texture":"#2"},"down":{"uv":[0,0,1,1],"texture":"#2"}}},{"from":[0,0,0],"to":[1,29,1],"faces":{"north":{"uv":[0,0,1,16],"texture":"#2"},"east":{"uv":[0,0,1,16],"texture":"#2"},"south":{"uv":[0,0,1,16],"texture":"#2"},"west":{"uv":[0,0,1,16],"texture":"#2"},"up":{"uv":[0,0,1,1],"texture":"#2"},"down":{"uv":[0,0,1,1],"texture":"#2"}}},{"from":[-2.1,25,0],"to":[17.9,26,1],"faces":{"north":{"uv":[8,0,8.8,5.6],"rotation":90,"texture":"#2"},"east":{"uv":[8,0,8.8,0.8],"rotation":90,"texture":"#2"},"south":{"uv":[8,5.6,8.8,0],"rotation":90,"texture":"#2"},"west":{"uv":[8,0,8.8,0.8],"rotation":90,"texture":"#2"},"up":{"uv":[8.8,5.6,8,0],"rotation":90,"texture":"#2"},"down":{"uv":[8,5.6,8.8,0],"rotation":90,"texture":"#2"}}},{"from":[-2,25,15],"to":[18,26,16],"faces":{"north":{"uv":[8,0,8.8,5.6],"rotation":90,"texture":"#2"},"east":{"uv":[8,0,8.8,0.8],"rotation":90,"texture":"#2"},"south":{"uv":[8,5.6,8.8,0],"rotation":90,"texture":"#2"},"west":{"uv":[8,0,8.8,0.8],"rotation":90,"texture":"#2"},"up":{"uv":[8.8,5.6,8,0],"rotation":90,"texture":"#2"},"down":{"uv":[8,5.6,8.8,0],"rotation":90,"texture":"#2"}}},{"from":[15,25,-2.5],"to":[16,26,17.5],"rotation":{"angle":0,"axis":"y","origin":[8,25.5,7.5]},"faces":{"north":{"uv":[8,0,8.8,0.8],"rotation":90,"texture":"#2"},"east":{"uv":[8,0,8.8,5.6],"rotation":90,"texture":"#2"},"south":{"uv":[8,0,8.8,0.8],"rotation":90,"texture":"#2"},"west":{"uv":[8,5.6,8.8,0],"rotation":90,"texture":"#2"},"up":{"uv":[8.8,5.6,8,0],"rotation":180,"texture":"#2"},"down":{"uv":[8,5.6,8.8,0],"texture":"#2"}}},{"from":[0,25,-2.5],"to":[1,26,17.5],"rotation":{"angle":0,"axis":"y","origin":[8,25.5,7.5]},"faces":{"north":{"uv":[8,0,8.8,0.8],"rotation":90,"texture":"#2"},"east":{"uv":[8,0,8.8,5.6],"rotation":90,"texture":"#2"},"south":{"uv":[8,0,8.8,0.8],"rotation":90,"texture":"#2"},"west":{"uv":[8,5.6,8.8,0],"rotation":90,"texture":"#2"},"up":{"uv":[8.8,5.6,8,0],"rotation":180,"texture":"#2"},"down":{"uv":[8,5.6,8.8,0],"texture":"#2"}}},{"from":[-7.655,0,8],"to":[23.655,32,8],"rotation":{"angle":45,"axis":"y","origin":[8,6.06,8]},"faces":{"north":{"uv":[0,0,16,16],"texture":"#1"},"east":{"uv":[0,0,16,16],"texture":"#1"},"south":{"uv":[0,0,16,16],"texture":"#1"},"west":{"uv":[0,0,16,16],"texture":"#1"},"up":{"uv":[0,0,16,16],"texture":"#1"},"down":{"uv":[0,0,16,16],"texture":"#1"}}},{"from":[7.85209,0,-8.01209],"to":[7.85209,32,23.29791],"rotation":{"angle":45,"axis":"y","origin":[8.35709,10.605,7.64291]},"faces":{"north":{"uv":[0,0,16,16],"texture":"#1"},"east":{"uv":[0,0,16,16],"texture":"#1"},"south":{"uv":[0,0,16,16],"texture":"#1"},"west":{"uv":[0,0,16,16],"texture":"#1"},"up":{"uv":[0,0,16,16],"rotation":270,"texture":"#1"},"down":{"uv":[0,0,16,16],"rotation":90,"texture":"#1"}}},{"from":[2.445,19.0789,5.778],"to":[6.889,24.6339,5.778],"rotation":{"angle":45,"axis":"y","origin":[4.667,21.8564,5.778]},"faces":{"north":{"uv":[0,0,16,16],"texture":"#3"},"east":{"uv":[0,0,16,16],"texture":"#3"},"south":{"uv":[0,0,16,16],"texture":"#3"},"west":{"uv":[0,0,16,16],"texture":"#3"},"up":{"uv":[0,0,16,16],"rotation":270,"texture":"#3"},"down":{"uv":[0,0,16,16],"rotation":90,"texture":"#3"}}},{"from":[2.445,19.0789,5.778],"to":[6.889,24.6339,5.778],"rotation":{"angle":-45,"axis":"y","origin":[4.667,21.8564,5.778]},"faces":{"north":{"uv":[0,0,16,16],"texture":"#3"},"east":{"uv":[0,0,16,16],"texture":"#3"},"south":{"uv":[0,0,16,16],"texture":"#3"},"west":{"uv":[0,0,16,16],"texture":"#3"},"up":{"uv":[0,0,16,16],"rotation":270,"texture":"#3"},"down":{"uv":[0,0,16,16],"rotation":90,"texture":"#3"}}},{"from":[2.0006,7.4336,11.3835],"to":[6.4446,12.9886,11.3835],"rotation":{"angle":45,"axis":"y","origin":[4.2226,10.2111,11.3835]},"faces":{"north":{"uv":[0,0,16,16],"texture":"#3"},"east":{"uv":[0,0,16,16],"texture":"#3"},"south":{"uv":[0,0,16,16],"texture":"#3"},"west":{"uv":[0,0,16,16],"texture":"#3"},"up":{"uv":[0,0,16,16],"rotation":270,"texture":"#3"},"down":{"uv":[0,0,16,16],"rotation":90,"texture":"#3"}}},{"from":[2.0006,7.4336,11.3835],"to":[6.4446,12.9886,11.3835],"rotation":{"angle":-45,"axis":"y","origin":[4.2226,10.2111,11.3835]},"faces":{"north":{"uv":[0,0,16,16],"texture":"#3"},"east":{"uv":[0,0,16,16],"texture":"#3"},"south":{"uv":[0,0,16,16],"texture":"#3"},"west":{"uv":[0,0,16,16],"texture":"#3"},"up":{"uv":[0,0,16,16],"rotation":270,"texture":"#3"},"down":{"uv":[0,0,16,16],"rotation":90,"texture":"#3"}}},{"from":[10.3331,13.3017,3.556],"to":[14.7771,18.8567,3.556],"rotation":{"angle":45,"axis":"y","origin":[12.5551,16.0792,3.556]},"faces":{"north":{"uv":[0,0,16,16],"texture":"#3"},"east":{"uv":[0,0,16,16],"texture":"#3"},"south":{"uv":[0,0,16,16],"texture":"#3"},"west":{"uv":[0,0,16,16],"texture":"#3"},"up":{"uv":[0,0,16,16],"rotation":270,"texture":"#3"},"down":{"uv":[0,0,16,16],"rotation":90,"texture":"#3"}}},{"from":[10.3331,13.3017,3.556],"to":[14.7771,18.8567,3.556],"rotation":{"angle":-45,"axis":"y","origin":[12.5551,16.0792,3.556]},"faces":{"north":{"uv":[0,0,16,16],"texture":"#3"},"east":{"uv":[0,0,16,16],"texture":"#3"},"south":{"uv":[0,0,16,16],"texture":"#3"},"west":{"uv":[0,0,16,16],"texture":"#3"},"up":{"uv":[0,0,16,16],"rotation":270,"texture":"#3"},"down":{"uv":[0,0,16,16],"rotation":90,"texture":"#3"}}},{"from":[0.8896,6.4135,3.0005],"to":[5.3336,11.9685,3.0005],"rotation":{"angle":45,"axis":"y","origin":[3.1116,9.191,3.0005]},"faces":{"north":{"uv":[0,0,16,16],"texture":"#3"},"east":{"uv":[0,0,16,16],"texture":"#3"},"south":{"uv":[0,0,16,16],"texture":"#3"},"west":{"uv":[0,0,16,16],"texture":"#3"},"up":{"uv":[0,0,16,16],"rotation":270,"texture":"#3"},"down":{"uv":[0,0,16,16],"rotation":90,"texture":"#3"}}},{"from":[0.8896,6.4135,3.0005],"to":[5.3336,11.9685,3.0005],"rotation":{"angle":-45,"axis":"y","origin":[3.1116,9.191,3.0005]},"faces":{"north":{"uv":[0,0,16,16],"texture":"#3"},"east":{"uv":[0,0,16,16],"texture":"#3"},"south":{"uv":[0,0,16,16],"texture":"#3"},"west":{"uv":[0,0,16,16],"texture":"#3"},"up":{"uv":[0,0,16,16],"rotation":270,"texture":"#3"},"down":{"uv":[0,0,16,16],"rotation":90,"texture":"#3"}}}],"gui_light":"front","display":{"gui":{"rotation":[15.61,19.95,-3.38],"translation":[0,-2.75,0],"scale":[0.5,0.5,0.5]},"fixed":{"rotation":[-90,0,0],"translation":[0,0,-14],"scale":[2,2,2]},"display":{"scale":[0.5,0.5,0.5]},"thirdperson_righthand":{"rotation":[0.0,-180.0,0.0],"translation":[0.0,2.75,0.75],"scale":[0.4,0.4,0.4]},"thirdperson_lefthand":{"rotation":[0.0,0.0,0.0],"translation":[0.0,2.75,0.75],"scale":[0.4,0.4,0.4]},"firstperson_righthand":{"rotation":[0.0,140.0,0.0],"translation":[3.5,2.5,0.0],"scale":[0.4,0.4,0.4]},"firstperson_lefthand":{"rotation":[0.0,-44.0,0.0],"translation":[-1.0,4.25,2.75],"scale":[0.4,0.4,0.4]},"ground":{"translation":[0.0,2.0,0.0],"scale":[0.5,0.5,0.5]}}}