{"credit":"Blockbench","textures":{"1":"infinitecrops:item/crops/chinese_cabbage/stage_3","2":"infinitecrops:item/crops/chinese_cabbage/cabbage","3":"infinitecrops:item/crops/chinese_cabbage/stage_4","particle":"infinitecrops:item/crops/chinese_cabbage/cabbage"},"elements":[{"from":[-0.37,0,8],"to":[16.37,16.74,8],"rotation":{"angle":-45,"axis":"y","origin":[8,8.37,8]},"faces":{"north":{"uv":[0,0,16,16],"texture":"#1"},"east":{"uv":[0,0,0,16],"texture":"#1"},"south":{"uv":[0,0,16,16],"texture":"#1"},"west":{"uv":[0,0,0,16],"texture":"#1"},"up":{"uv":[0,0,16,0],"texture":"#1"},"down":{"uv":[0,0,16,0],"texture":"#1"}}},{"from":[8,0,-0.37],"to":[8,16.74,16.37],"rotation":{"angle":-45,"axis":"y","origin":[8,8.37,8]},"faces":{"north":{"uv":[0,0,0,16],"texture":"#1"},"east":{"uv":[0,0,16,16],"texture":"#1"},"south":{"uv":[0,0,0,16],"texture":"#1"},"west":{"uv":[0,0,16,16],"texture":"#1"},"up":{"uv":[0,0,16,0],"rotation":270,"texture":"#1"},"down":{"uv":[0,0,16,0],"rotation":90,"texture":"#1"}}},{"from":[11.00123,-0.03551,5.18],"to":[11.00123,4.04449,10.76],"rotation":{"angle":-45,"axis":"z","origin":[10.34123,1.88449,7.97]},"faces":{"north":{"uv":[16,0,0,16],"texture":"#3"},"east":{"uv":[16,0,0,16],"texture":"#3"},"south":{"uv":[16,0,0,16],"texture":"#3"},"west":{"uv":[16,0,0,16],"texture":"#3"},"up":{"uv":[16,0,0,16],"texture":"#3"},"down":{"uv":[16,0,0,16],"texture":"#3"}}},{"from":[5.18,0.78344,7.07079],"to":[10.64,4.86344,7.07079],"rotation":{"angle":-45,"axis":"x","origin":[6.83,-0.29656,7.73079]},"faces":{"north":{"uv":[0,0,16,16],"texture":"#3"},"east":{"uv":[0,0,16,16],"texture":"#3"},"south":{"uv":[0,0,16,16],"texture":"#3"},"west":{"uv":[0,0,16,16],"texture":"#3"},"up":{"uv":[0,0,16,16],"rotation":90,"texture":"#3"},"down":{"uv":[0,0,16,16],"rotation":270,"texture":"#3"}}},{"from":[5.18,0.78344,8.92921],"to":[10.64,4.86344,8.92921],"rotation":{"angle":45,"axis":"x","origin":[6.83,-0.29656,8.26921]},"faces":{"north":{"uv":[16,0,0,16],"texture":"#3"},"east":{"uv":[16,0,0,16],"texture":"#3"},"south":{"uv":[16,0,0,16],"texture":"#3"},"west":{"uv":[16,0,0,16],"texture":"#3"},"up":{"uv":[16,0,0,16],"rotation":90,"texture":"#3"},"down":{"uv":[16,0,0,16],"rotation":270,"texture":"#3"}}},{"from":[4.93877,0.02449,5.18],"to":[4.93877,4.10449,10.76],"rotation":{"angle":45,"axis":"z","origin":[5.65877,1.88449,7.97]},"faces":{"north":{"uv":[0,0,16,16],"texture":"#3"},"east":{"uv":[0,0,16,16],"texture":"#3"},"south":{"uv":[0,0,16,16],"texture":"#3"},"west":{"uv":[0,0,16,16],"texture":"#3"},"up":{"uv":[0,0,16,16],"texture":"#3"},"down":{"uv":[0,0,16,16],"texture":"#3"}}},{"from":[9.74853,-0.18419,6.144],"to":[9.74853,5.47981,9.808],"rotation":{"angle":-22.5,"axis":"z","origin":[9.74853,1.76781,7.976]},"faces":{"north":{"uv":[16,0,0,16],"texture":"#2"},"east":{"uv":[16,0,0,16],"texture":"#2"},"south":{"uv":[16,0,0,16],"texture":"#2"},"west":{"uv":[16,0,0,16],"texture":"#2"},"up":{"uv":[16,0,0,16],"texture":"#2"},"down":{"uv":[16,0,0,16],"texture":"#2"}}},{"from":[6.25147,-0.18419,6.144],"to":[6.25147,5.47981,9.808],"rotation":{"angle":22.5,"axis":"z","origin":[6.25147,1.76781,7.976]},"faces":{"north":{"uv":[0,0,16,16],"texture":"#2"},"east":{"uv":[0,0,16,16],"texture":"#2"},"south":{"uv":[0,0,16,16],"texture":"#2"},"west":{"uv":[0,0,16,16],"texture":"#2"},"up":{"uv":[0,0,16,16],"texture":"#2"},"down":{"uv":[0,0,16,16],"texture":"#2"}}},{"from":[6.17947,0.45581,6.456],"to":[9.84347,6.11981,6.456],"rotation":{"angle":-22.5,"axis":"x","origin":[6.25147,1.76781,7.976]},"faces":{"north":{"uv":[0,0,16,16],"texture":"#2"},"east":{"uv":[0,0,16,16],"texture":"#2"},"south":{"uv":[0,0,16,16],"texture":"#2"},"west":{"uv":[0,0,16,16],"texture":"#2"},"up":{"uv":[0,0,16,16],"rotation":90,"texture":"#2"},"down":{"uv":[0,0,16,16],"rotation":270,"texture":"#2"}}},{"from":[6.17947,0.45581,9.544],"to":[9.84347,6.11981,9.544],"rotation":{"angle":22.5,"axis":"x","origin":[6.25147,1.76781,8.024]},"faces":{"north":{"uv":[16,0,0,16],"texture":"#2"},"east":{"uv":[16,0,0,16],"texture":"#2"},"south":{"uv":[16,0,0,16],"texture":"#2"},"west":{"uv":[16,0,0,16],"texture":"#2"},"up":{"uv":[16,0,0,16],"rotation":90,"texture":"#2"},"down":{"uv":[16,0,0,16],"rotation":270,"texture":"#2"}}},{"from":[6.22498,0.44441,8.0234],"to":[9.79738,6.35681,8.0234],"rotation":{"angle":45,"axis":"y","origin":[8.01118,3.20561,8.3354]},"faces":{"north":{"uv":[16,0,0,16],"texture":"#2"},"east":{"uv":[16,0,0,16],"texture":"#2"},"south":{"uv":[16,0,0,16],"texture":"#2"},"west":{"uv":[16,0,0,16],"texture":"#2"},"up":{"uv":[16,0,0,16],"rotation":90,"texture":"#2"},"down":{"uv":[16,0,0,16],"rotation":270,"texture":"#2"}}},{"from":[7.79056,0.44441,6.32858],"to":[7.79056,6.35681,9.90098],"rotation":{"angle":45,"axis":"y","origin":[7.79056,3.40061,8.11478]},"faces":{"north":{"uv":[16,0,0,16],"texture":"#2"},"east":{"uv":[16,0,0,16],"texture":"#2"},"south":{"uv":[16,0,0,16],"texture":"#2"},"west":{"uv":[16,0,0,16],"texture":"#2"},"up":{"uv":[16,0,0,16],"texture":"#2"},"down":{"uv":[16,0,0,16],"texture":"#2"}}}],"gui_light":"front","display":{"thirdperson_righthand":{"translation":[0.0,2.75,0.75],"rotation":[0.0,-180.0,0.0],"scale":[0.4,0.4,0.4]},"gui":{"rotation":[23.71,1.4,3.22]},"fixed":{"rotation":[-90,0,0],"translation":[0,0,-19],"scale":[2.5,2.5,2.5]},"display":{"scale":[0.5,0.5,0.5]},"thirdperson_lefthand":{"rotation":[0.0,0.0,0.0],"translation":[0.0,2.75,0.75],"scale":[0.4,0.4,0.4]},"firstperson_righthand":{"rotation":[0.0,140.0,0.0],"translation":[3.5,2.5,0.0],"scale":[0.4,0.4,0.4]},"firstperson_lefthand":{"rotation":[0.0,-44.0,0.0],"translation":[-1.0,4.25,2.75],"scale":[0.4,0.4,0.4]},"ground":{"translation":[0.0,2.0,0.0],"scale":[0.5,0.5,0.5]}}}