{"model":{"type":"range_dispatch","property":"custom_model_data","index":0,"fallback":{"on_false":{"property":"charge_type","type":"select","cases":[{"model":{"type":"model","model":"item/crossbow_arrow"},"when":"arrow"},{"model":{"type":"model","model":"item/crossbow_firework"},"when":"rocket"}],"fallback":{"type":"model","model":"item/crossbow"}},"on_true":{"type":"range_dispatch","property":"crossbow/pull","fallback":{"model":"item/crossbow_pulling_0","type":"model"},"entries":[{"model":{"type":"model","model":"item/crossbow_pulling_1"},"threshold":0.58},{"model":{"type":"model","model":"item/crossbow_pulling_2"},"threshold":1}]},"property":"using_item","type":"condition"},"entries":[{"threshold":10000,"model":{"on_false":{"property":"charge_type","type":"select","cases":[{"model":{"type":"model","model":"aetherburn_pack:crossbow_charged"},"when":"arrow"},{"model":{"type":"model","model":"aetherburn_pack:crossbow_firework"},"when":"rocket"}],"fallback":{"type":"model","model":"aetherburn_pack:crossbow"},"model":"aetherburn_pack:crossbow"},"on_true":{"type":"range_dispatch","property":"crossbow/pull","fallback":{"model":"aetherburn_pack:crossbow","type":"model"},"entries":[{"threshold":0.58,"model":{"type":"model","model":"aetherburn_pack:crossbow_1"}},{"threshold":1.0,"model":{"type":"model","model":"aetherburn_pack:crossbow_2"}}]},"property":"using_item","type":"condition"}},{"threshold":10002,"model":{"on_false":{"property":"charge_type","type":"select","cases":[{"model":{"type":"model","model":"iaweapons:firework_launcher/firework_launcher_charged"},"when":"arrow"},{"model":{"type":"model","model":"iaweapons:firework_launcher/firework_launcher_firework"},"when":"rocket"}],"fallback":{"type":"model","model":"iaweapons:firework_launcher/firework_launcher"},"model":"iaweapons:firework_launcher/firework_launcher"},"on_true":{"type":"range_dispatch","property":"crossbow/pull","fallback":{"model":"iaweapons:firework_launcher/firework_launcher","type":"model"},"entries":[{"threshold":0.58,"model":{"type":"model","model":"iaweapons:firework_launcher/firework_launcher_1"}},{"threshold":1.0,"model":{"type":"model","model":"iaweapons:firework_launcher/firework_launcher_2"}}]},"property":"using_item","type":"condition"}},{"threshold":10003,"model":{"on_false":{"property":"charge_type","type":"select","cases":[{"model":{"type":"model","model":"iaweapons:shotgun/shotgun_charged"},"when":"arrow"},{"model":{"type":"model","model":"iaweapons:shotgun/shotgun_firework"},"when":"rocket"}],"fallback":{"type":"model","model":"iaweapons:shotgun/shotgun"},"model":"iaweapons:shotgun/shotgun"},"on_true":{"type":"range_dispatch","property":"crossbow/pull","fallback":{"model":"iaweapons:shotgun/shotgun","type":"model"},"entries":[{"threshold":0.58,"model":{"type":"model","model":"iaweapons:shotgun/shotgun_1"}},{"threshold":1.0,"model":{"type":"model","model":"iaweapons:shotgun/shotgun_2"}}]},"property":"using_item","type":"condition"}},{"threshold":10004,"model":{"on_false":{"property":"charge_type","type":"select","cases":[{"model":{"type":"model","model":"item/crossbow_arrow"},"when":"arrow"},{"model":{"type":"model","model":"item/crossbow_firework"},"when":"rocket"}],"fallback":{"type":"model","model":"item/crossbow"},"model":"item/crossbow"},"on_true":{"type":"range_dispatch","property":"crossbow/pull","fallback":{"model":"item/crossbow","type":"model"},"entries":[]},"property":"using_item","type":"condition"}}]}}