{"model":{"type":"range_dispatch","property":"custom_model_data","index":0,"fallback":{"model":"item/diamond_hoe","type":"model"},"entries":[{"threshold":10001,"model":{"model":"frost_hunter_set:ia_auto_gen/frost_hoe","type":"model"}},{"threshold":10002,"model":{"model":"iasurvival:ia_auto_gen/ruby_hoe","type":"model"}},{"threshold":10003,"model":{"model":"iasurvival:ia_auto_gen/bronze_hoe","type":"model"}},{"threshold":10004,"model":{"model":"iasurvival:ia_auto_gen/dark_amethyst_hoe","type":"model"}},{"threshold":10005,"model":{"model":"item/diamond_hoe","type":"model"}}]}}