{"model":{"type":"range_dispatch","property":"custom_model_data","index":0,"fallback":{"type":"model","model":"item/iron_pickaxe"},"entries":[{"threshold":10000,"model":{"type":"model","model":"ax_emerald_set:ia_auto_gen/emerald_pickaxe"}},{"threshold":10001,"model":{"type":"model","model":"aetherburn_pack:pickaxe"}},{"threshold":10003,"model":{"type":"model","model":"elitecreatures:carnivoret_weapon_set/pickaxe"}},{"threshold":10005,"model":{"type":"model","model":"iasurvival:ia_auto_gen/ruby_pickaxe"}},{"threshold":10006,"model":{"type":"model","model":"item/iron_pickaxe"}}]}}