{"model":{"type":"range_dispatch","property":"custom_model_data","index":0,"fallback":{"model":"item/iron_ingot","type":"model"},"entries":[{"threshold":642,"model":{"model":"infinitecrops:item/basics/battery","type":"model"}},{"threshold":643,"model":{"model":"infinitecrops:item/basics/battery_normal","type":"model"}},{"threshold":644,"model":{"model":"infinitecrops:item/basics/battery_ultra","type":"model"}},{"threshold":645,"model":{"model":"iasurvival:ia_auto_gen/aqua_aura","type":"model"}},{"threshold":646,"model":{"model":"iasurvival:ia_auto_gen/raw_tin_and_copper_ingot_dust","type":"model"}},{"threshold":647,"model":{"model":"iasurvival:ia_auto_gen/fossil","type":"model"}},{"threshold":648,"model":{"model":"iasurvival:ia_auto_gen/ruby","type":"model"}},{"threshold":649,"model":{"model":"iasurvival:ia_auto_gen/spinel","type":"model"}},{"threshold":650,"model":{"model":"iasurvival:ia_auto_gen/raw_tin","type":"model"}},{"threshold":651,"model":{"model":"iasurvival:ia_auto_gen/end_crystals","type":"model"}},{"threshold":652,"model":{"model":"iasurvival:ia_auto_gen/cassiterite","type":"model"}},{"threshold":653,"model":{"model":"iasurvival:ia_auto_gen/end_shard","type":"model"}},{"threshold":654,"model":{"model":"iasurvival:ia_auto_gen/bronze_ingot","type":"model"}},{"threshold":655,"model":{"model":"iasurvival:ia_auto_gen/turquoise","type":"model"}},{"threshold":656,"model":{"model":"iasurvival:ia_auto_gen/dark_amethyst","type":"model"}},{"threshold":657,"model":{"model":"iaalchemy:ia_auto_gen/mysterious_material","type":"model"}},{"threshold":658,"model":{"model":"iasurvival:ia_auto_gen/dark_amethyst_prism","type":"model"}},{"threshold":659,"model":{"model":"iasurvival:ia_auto_gen/end_ingot","type":"model"}},{"threshold":660,"model":{"model":"iasurvival:ia_auto_gen/knowledge_fragment","type":"model"}},{"threshold":661,"model":{"model":"iasurvival:ia_auto_gen/cassiterite_fragment","type":"model"}},{"threshold":662,"model":{"model":"iasurvival:ia_auto_gen/crystal","type":"model"}},{"threshold":678,"model":{"model":"infinitecrops:item/wateringcans/watering_can_1","type":"model"}},{"threshold":679,"model":{"model":"infinitecrops:item/wateringcans/watering_can_2","type":"model"}},{"threshold":680,"model":{"model":"infinitecrops:item/wateringcans/watering_can_3","type":"model"}},{"threshold":681,"model":{"model":"item/iron_ingot","type":"model"}}]}}