{"credit":"Made with Blockbench","texture_size":[128,128],"textures":{"3":"furnituresplus:furnituresplus/green_paint2"},"elements":[{"from":[-10,0,0],"to":[26,1,1],"faces":{"north":{"uv":[4.25,0,8.75,0.125],"texture":"#3"},"east":{"uv":[4.25,3,4.375,3.125],"texture":"#3"},"south":{"uv":[4.25,0,8.75,0.125],"texture":"#3"},"west":{"uv":[4.25,3,4.375,3.125],"texture":"#3"},"up":{"uv":[8.75,0.125,4.25,0],"texture":"#3"},"down":{"uv":[8.75,0,4.25,0.125],"texture":"#3"}}},{"from":[-10,29,0],"to":[26,30,1],"faces":{"north":{"uv":[4.25,0,8.75,0.125],"texture":"#3"},"east":{"uv":[4.25,3,4.375,3.125],"texture":"#3"},"south":{"uv":[4.25,0,8.75,0.125],"texture":"#3"},"west":{"uv":[4.25,3,4.375,3.125],"texture":"#3"},"up":{"uv":[8.75,0.125,4.25,0],"texture":"#3"},"down":{"uv":[8.75,0,4.25,0.125],"texture":"#3"}}},{"from":[-5,4,0.3],"to":[21,26,0.5],"faces":{"north":{"uv":[0,0,4.25,3.5],"texture":"#3"},"east":{"uv":[0,0,4.25,3.5],"texture":"#3"},"south":{"uv":[3.25,3.5,6.5,6.25],"texture":"#3"},"west":{"uv":[0,0,4.25,3.5],"texture":"#3"},"up":{"uv":[0,0,4.25,3.5],"texture":"#3"},"down":{"uv":[0,0,4.25,3.5],"texture":"#3"}}},{"from":[-9,1,0],"to":[25,29,0.3],"faces":{"north":{"uv":[0,3.5,3.25,6.25],"texture":"#3"},"east":{"uv":[4.25,0.25,4.375,3],"texture":"#3"},"south":{"uv":[0,0,4.25,3.5],"texture":"#3"},"west":{"uv":[4.25,0.25,4.375,3],"texture":"#3"},"up":{"uv":[7.5,0.25,4.25,0.125],"texture":"#3"},"down":{"uv":[7.5,0.125,4.25,0.25],"texture":"#3"}}},{"from":[-10,1,0],"to":[-9,29,1],"faces":{"north":{"uv":[0,6.25,0.125,9.75],"texture":"#3"},"east":{"uv":[0,6.25,0.125,9.75],"texture":"#3"},"south":{"uv":[0,6.25,0.125,9.75],"texture":"#3"},"west":{"uv":[0,6.25,0.125,9.75],"texture":"#3"},"up":{"uv":[4.375,3.125,4.25,3],"texture":"#3"},"down":{"uv":[4.375,3,4.25,3.125],"texture":"#3"}}},{"from":[25,1,0],"to":[26,29,1],"faces":{"north":{"uv":[0,6.25,0.125,9.75],"texture":"#3"},"east":{"uv":[0,6.25,0.125,9.75],"texture":"#3"},"south":{"uv":[0,6.25,0.125,9.75],"texture":"#3"},"west":{"uv":[0,6.25,0.125,9.75],"texture":"#3"},"up":{"uv":[4.375,3.125,4.25,3],"texture":"#3"},"down":{"uv":[4.375,3,4.25,3.125],"texture":"#3"}}}],"gui_light":"front","display":{"thirdperson_righthand":{"rotation":[37.8,-2.49,5.56],"translation":[0,0,3.25],"scale":[0.375,0.375,0.375]},"thirdperson_lefthand":{"rotation":[37.8,-2.49,5.56],"translation":[0,0,3.25],"scale":[0.375,0.375,0.375]},"firstperson_righthand":{"rotation":[0,-3,0],"translation":[1.5,0,0],"scale":[0.4,0.4,0.4]},"firstperson_lefthand":{"rotation":[0,-3,0],"translation":[1.5,0,0],"scale":[0.4,0.4,0.4]},"ground":{"translation":[0,2,0],"scale":[0.5,0.5,0.5]},"gui":{"translation":[0,-3.1,0],"scale":[0.44922,0.44922,0.44922]},"head":{"translation":[0,-30.4,0],"scale":[1.6,1.6,1.6]},"fixed":{"rotation":[-90,180,0],"translation":[0,0,-16],"scale":[2,2,2]}},"mcmodels":"0df1e448b7cae607a72993c979c64e4d"}