{"parent":"minecraft:item/handheld","textures":{"layer0":"minecraft:item/diamond_shovel"},"overrides":[{"predicate":{"custom_model_data":10001},"model":"frost_hunter_set:ia_auto_gen/frost_shovel"},{"predicate":{"custom_model_data":10002},"model":"iasurvival:ia_auto_gen/ruby_shovel"},{"predicate":{"custom_model_data":10003},"model":"iasurvival:ia_auto_gen/dark_amethyst_shovel"},{"predicate":{"custom_model_data":10004},"model":"iasurvival:ia_auto_gen/bronze_shovel"},{"predicate":{"custom_model_data":10005},"model":"item/diamond_shovel"}]}