{"parent":"item/generated","textures":{"layer0":"item/paper"},"overrides":[{"predicate":{"custom_model_data":400},"model":"infinitecrops:item/basics/dead_crop"},{"predicate":{"custom_model_data":401},"model":"infinitecrops:item/crops/tomato/stage_1"},{"predicate":{"custom_model_data":402},"model":"infinitecrops:item/crops/tomato/stage_2"},{"predicate":{"custom_model_data":403},"model":"infinitecrops:item/crops/tomato/stage_3"},{"predicate":{"custom_model_data":404},"model":"infinitecrops:item/crops/tomato/stage_4"},{"predicate":{"custom_model_data":405},"model":"infinitecrops:item/crops/tomato/stage_5"},{"predicate":{"custom_model_data":406},"model":"infinitecrops:item/crops/tomato/stage_5_lots"},{"predicate":{"custom_model_data":407},"model":"infinitecrops:item/crops/tomato/stage_6_rotten"},{"predicate":{"custom_model_data":408},"model":"infinitecrops:item/crops/tomato/tomato_seed"},{"predicate":{"custom_model_data":414},"model":"infinitecrops:item/crops/pitaya/stage_1"},{"predicate":{"custom_model_data":415},"model":"infinitecrops:item/crops/pitaya/stage_2"},{"predicate":{"custom_model_data":416},"model":"infinitecrops:item/crops/pitaya/stage_3"},{"predicate":{"custom_model_data":417},"model":"infinitecrops:item/crops/pitaya/stage_4"},{"predicate":{"custom_model_data":418},"model":"infinitecrops:item/crops/pitaya/stage_4_lots"},{"predicate":{"custom_model_data":419},"model":"infinitecrops:item/crops/pitaya/stage_5_rotten"},{"predicate":{"custom_model_data":420},"model":"infinitecrops:item/crops/pitaya/stage_6_harvest"},{"predicate":{"custom_model_data":421},"model":"infinitecrops:item/crops/pitaya/pitaya_seed"},{"predicate":{"custom_model_data":427},"model":"infinitecrops:item/crops/pepper/stage_1"},{"predicate":{"custom_model_data":428},"model":"infinitecrops:item/crops/pepper/stage_2"},{"predicate":{"custom_model_data":429},"model":"infinitecrops:item/crops/pepper/stage_3"},{"predicate":{"custom_model_data":430},"model":"infinitecrops:item/crops/pepper/stage_4"},{"predicate":{"custom_model_data":431},"model":"infinitecrops:item/crops/pepper/stage_5"},{"predicate":{"custom_model_data":432},"model":"infinitecrops:item/crops/pepper/stage_5_lots"},{"predicate":{"custom_model_data":433},"model":"infinitecrops:item/crops/pepper/stage_6_rotten"},{"predicate":{"custom_model_data":434},"model":"infinitecrops:item/crops/pepper/stage_7_harvest"},{"predicate":{"custom_model_data":435},"model":"infinitecrops:item/crops/pepper/pepper_seed"},{"predicate":{"custom_model_data":441},"model":"infinitecrops:item/crops/pineapple/stage_1"},{"predicate":{"custom_model_data":442},"model":"infinitecrops:item/crops/pineapple/stage_2"},{"predicate":{"custom_model_data":443},"model":"infinitecrops:item/crops/pineapple/stage_3"},{"predicate":{"custom_model_data":444},"model":"infinitecrops:item/crops/pineapple/stage_4"},{"predicate":{"custom_model_data":445},"model":"infinitecrops:item/crops/pineapple/stage_5_rotten"},{"predicate":{"custom_model_data":446},"model":"infinitecrops:item/crops/pineapple/pineapple_seed"},{"predicate":{"custom_model_data":452},"model":"infinitecrops:item/crops/corn/stage_1"},{"predicate":{"custom_model_data":453},"model":"infinitecrops:item/crops/corn/stage_2"},{"predicate":{"custom_model_data":454},"model":"infinitecrops:item/crops/corn/stage_3"},{"predicate":{"custom_model_data":455},"model":"infinitecrops:item/crops/corn/stage_4"},{"predicate":{"custom_model_data":456},"model":"infinitecrops:item/crops/corn/stage_4_lots"},{"predicate":{"custom_model_data":457},"model":"infinitecrops:item/crops/corn/stage_5_rotten"},{"predicate":{"custom_model_data":458},"model":"infinitecrops:item/crops/corn/corn_seed"},{"predicate":{"custom_model_data":464},"model":"infinitecrops:item/crops/garlic/stage_1"},{"predicate":{"custom_model_data":465},"model":"infinitecrops:item/crops/garlic/stage_2"},{"predicate":{"custom_model_data":466},"model":"infinitecrops:item/crops/garlic/stage_3"},{"predicate":{"custom_model_data":467},"model":"infinitecrops:item/crops/garlic/stage_4"},{"predicate":{"custom_model_data":468},"model":"infinitecrops:item/crops/garlic/stage_4_lots"},{"predicate":{"custom_model_data":469},"model":"infinitecrops:item/crops/garlic/stage_5_rotten"},{"predicate":{"custom_model_data":470},"model":"infinitecrops:item/crops/garlic/garlic_seed"},{"predicate":{"custom_model_data":476},"model":"infinitecrops:item/crops/eggplant/stage_1"},{"predicate":{"custom_model_data":477},"model":"infinitecrops:item/crops/eggplant/stage_2"},{"predicate":{"custom_model_data":478},"model":"infinitecrops:item/crops/eggplant/stage_3"},{"predicate":{"custom_model_data":479},"model":"infinitecrops:item/crops/eggplant/stage_4"},{"predicate":{"custom_model_data":480},"model":"infinitecrops:item/crops/eggplant/stage_5"},{"predicate":{"custom_model_data":481},"model":"infinitecrops:item/crops/eggplant/stage_5_lots"},{"predicate":{"custom_model_data":482},"model":"infinitecrops:item/crops/eggplant/stage_6_rotten"},{"predicate":{"custom_model_data":483},"model":"infinitecrops:item/crops/eggplant/eggplant_seed"},{"predicate":{"custom_model_data":489},"model":"infinitecrops:item/crops/apple_tree/stage_1"},{"predicate":{"custom_model_data":490},"model":"infinitecrops:item/crops/apple_tree/stage_2"},{"predicate":{"custom_model_data":491},"model":"infinitecrops:item/crops/apple_tree/stage_3"},{"predicate":{"custom_model_data":492},"model":"infinitecrops:item/crops/apple_tree/stage_4"},{"predicate":{"custom_model_data":493},"model":"infinitecrops:item/crops/apple_tree/stage_5"},{"predicate":{"custom_model_data":494},"model":"infinitecrops:item/crops/apple_tree/stage_6"},{"predicate":{"custom_model_data":495},"model":"infinitecrops:item/crops/apple_tree/stage_7"},{"predicate":{"custom_model_data":496},"model":"infinitecrops:item/crops/apple_tree/stage_7_lots"},{"predicate":{"custom_model_data":497},"model":"infinitecrops:item/crops/apple_tree/stage_8_rotten"},{"predicate":{"custom_model_data":498},"model":"infinitecrops:item/crops/apple_tree/stage_9_harvest"},{"predicate":{"custom_model_data":499},"model":"infinitecrops:item/crops/apple_tree/apple_seed"},{"predicate":{"custom_model_data":504},"model":"infinitecrops:item/crops/chinese_cabbage/stage_1"},{"predicate":{"custom_model_data":505},"model":"infinitecrops:item/crops/chinese_cabbage/stage_2"},{"predicate":{"custom_model_data":506},"model":"infinitecrops:item/crops/chinese_cabbage/stage_3"},{"predicate":{"custom_model_data":507},"model":"infinitecrops:item/crops/chinese_cabbage/stage_4"},{"predicate":{"custom_model_data":508},"model":"infinitecrops:item/crops/chinese_cabbage/stage_5_rotten"},{"predicate":{"custom_model_data":509},"model":"infinitecrops:item/crops/chinese_cabbage/chinese_cabbage_seed"},{"predicate":{"custom_model_data":515},"model":"infinitecrops:item/crops/orange_tree/stage_1"},{"predicate":{"custom_model_data":516},"model":"infinitecrops:item/crops/orange_tree/stage_2"},{"predicate":{"custom_model_data":517},"model":"infinitecrops:item/crops/orange_tree/stage_3"},{"predicate":{"custom_model_data":518},"model":"infinitecrops:item/crops/orange_tree/stage_4"},{"predicate":{"custom_model_data":519},"model":"infinitecrops:item/crops/orange_tree/stage_5"},{"predicate":{"custom_model_data":520},"model":"infinitecrops:item/crops/orange_tree/stage_6"},{"predicate":{"custom_model_data":521},"model":"infinitecrops:item/crops/orange_tree/stage_7"},{"predicate":{"custom_model_data":522},"model":"infinitecrops:item/crops/orange_tree/stage_7_lots"},{"predicate":{"custom_model_data":523},"model":"infinitecrops:item/crops/orange_tree/stage_8_rotten"},{"predicate":{"custom_model_data":524},"model":"infinitecrops:item/crops/orange_tree/stage_9_harvest"},{"predicate":{"custom_model_data":525},"model":"infinitecrops:item/crops/orange_tree/orange_seed"},{"predicate":{"custom_model_data":531},"model":"infinitecrops:item/crops/cabbage/stage_1"},{"predicate":{"custom_model_data":532},"model":"infinitecrops:item/crops/cabbage/stage_2"},{"predicate":{"custom_model_data":533},"model":"infinitecrops:item/crops/cabbage/stage_3"},{"predicate":{"custom_model_data":534},"model":"infinitecrops:item/crops/cabbage/stage_4"},{"predicate":{"custom_model_data":535},"model":"infinitecrops:item/crops/cabbage/stage_5_rotten"},{"predicate":{"custom_model_data":542},"model":"infinitecrops:item/crops/grape/stage_1"},{"predicate":{"custom_model_data":543},"model":"infinitecrops:item/crops/grape/stage_2"},{"predicate":{"custom_model_data":544},"model":"infinitecrops:item/crops/grape/stage_3"},{"predicate":{"custom_model_data":545},"model":"infinitecrops:item/crops/grape/stage_4"},{"predicate":{"custom_model_data":546},"model":"infinitecrops:item/crops/grape/stage_5"},{"predicate":{"custom_model_data":547},"model":"infinitecrops:item/crops/grape/stage_5_lots"},{"predicate":{"custom_model_data":548},"model":"infinitecrops:item/crops/grape/stage_6_rotten"},{"predicate":{"custom_model_data":549},"model":"infinitecrops:item/crops/grape/grape_seed"},{"predicate":{"custom_model_data":555},"model":"infinitecrops:item/crops/hop/stage_1"},{"predicate":{"custom_model_data":556},"model":"infinitecrops:item/crops/hop/stage_2"},{"predicate":{"custom_model_data":557},"model":"infinitecrops:item/crops/hop/stage_3"},{"predicate":{"custom_model_data":558},"model":"infinitecrops:item/crops/hop/stage_4"},{"predicate":{"custom_model_data":559},"model":"infinitecrops:item/crops/hop/stage_4_lots"},{"predicate":{"custom_model_data":560},"model":"infinitecrops:item/crops/hop/stage_5_rotten"},{"predicate":{"custom_model_data":561},"model":"infinitecrops:item/crops/hop/hop_seed"},{"predicate":{"custom_model_data":567},"model":"infinitecrops:item/crops/dollar_tree/dollar_tree_seed_green"},{"predicate":{"custom_model_data":568},"model":"infinitecrops:item/crops/dollar_tree/stage_1_green"},{"predicate":{"custom_model_data":569},"model":"infinitecrops:item/crops/dollar_tree/stage_2_green"},{"predicate":{"custom_model_data":570},"model":"infinitecrops:item/crops/dollar_tree/stage_3_green"},{"predicate":{"custom_model_data":571},"model":"infinitecrops:item/crops/dollar_tree/stage_4_green"},{"predicate":{"custom_model_data":572},"model":"infinitecrops:item/crops/dollar_tree/stage_5_green"},{"predicate":{"custom_model_data":573},"model":"infinitecrops:item/crops/dollar_tree/stage_6_lots_green"},{"predicate":{"custom_model_data":574},"model":"infinitecrops:item/crops/dollar_tree/stage_7_harvest_green"},{"predicate":{"custom_model_data":575},"model":"infinitecrops:item/crops/dollar_tree/dollar_tree_seed_blue"},{"predicate":{"custom_model_data":576},"model":"infinitecrops:item/crops/dollar_tree/stage_1_blue"},{"predicate":{"custom_model_data":577},"model":"infinitecrops:item/crops/dollar_tree/stage_2_blue"},{"predicate":{"custom_model_data":578},"model":"infinitecrops:item/crops/dollar_tree/stage_3_blue"},{"predicate":{"custom_model_data":579},"model":"infinitecrops:item/crops/dollar_tree/stage_4_blue"},{"predicate":{"custom_model_data":580},"model":"infinitecrops:item/crops/dollar_tree/stage_5_blue"},{"predicate":{"custom_model_data":581},"model":"infinitecrops:item/crops/dollar_tree/stage_6_lots_blue"},{"predicate":{"custom_model_data":582},"model":"infinitecrops:item/crops/dollar_tree/stage_7_harvest_blue"},{"predicate":{"custom_model_data":583},"model":"infinitecrops:item/crops/dollar_tree/dollar_tree_seed_red"},{"predicate":{"custom_model_data":584},"model":"infinitecrops:item/crops/dollar_tree/stage_1_red"},{"predicate":{"custom_model_data":585},"model":"infinitecrops:item/crops/dollar_tree/stage_2_red"},{"predicate":{"custom_model_data":586},"model":"infinitecrops:item/crops/dollar_tree/stage_3_red"},{"predicate":{"custom_model_data":587},"model":"infinitecrops:item/crops/dollar_tree/stage_4_red"},{"predicate":{"custom_model_data":588},"model":"infinitecrops:item/crops/dollar_tree/stage_5_red"},{"predicate":{"custom_model_data":589},"model":"infinitecrops:item/crops/dollar_tree/stage_6_lots_red"},{"predicate":{"custom_model_data":590},"model":"infinitecrops:item/crops/dollar_tree/stage_7_harvest_red"},{"predicate":{"custom_model_data":591},"model":"infinitecrops:item/crops/dollar_tree/dollar_tree_seed_yellow"},{"predicate":{"custom_model_data":592},"model":"infinitecrops:item/crops/dollar_tree/stage_1_yellow"},{"predicate":{"custom_model_data":593},"model":"infinitecrops:item/crops/dollar_tree/stage_2_yellow"},{"predicate":{"custom_model_data":594},"model":"infinitecrops:item/crops/dollar_tree/stage_3_yellow"},{"predicate":{"custom_model_data":595},"model":"infinitecrops:item/crops/dollar_tree/stage_4_yellow"},{"predicate":{"custom_model_data":596},"model":"infinitecrops:item/crops/dollar_tree/stage_5_yellow"},{"predicate":{"custom_model_data":597},"model":"infinitecrops:item/crops/dollar_tree/stage_6_lots_yellow"},{"predicate":{"custom_model_data":598},"model":"infinitecrops:item/crops/dollar_tree/stage_7_harvest_yellow"},{"predicate":{"custom_model_data":599},"model":"infinitecrops:item/crops/dollar_tree/dollar_tree_seed_purple"},{"predicate":{"custom_model_data":600},"model":"infinitecrops:item/crops/dollar_tree/stage_1_purple"},{"predicate":{"custom_model_data":601},"model":"infinitecrops:item/crops/dollar_tree/stage_2_purple"},{"predicate":{"custom_model_data":602},"model":"infinitecrops:item/crops/dollar_tree/stage_3_purple"},{"predicate":{"custom_model_data":603},"model":"infinitecrops:item/crops/dollar_tree/stage_4_purple"},{"predicate":{"custom_model_data":604},"model":"infinitecrops:item/crops/dollar_tree/stage_5_purple"},{"predicate":{"custom_model_data":605},"model":"infinitecrops:item/crops/dollar_tree/stage_6_lots_purple"},{"predicate":{"custom_model_data":606},"model":"infinitecrops:item/crops/dollar_tree/stage_7_harvest_purple"},{"predicate":{"custom_model_data":608},"model":"infinitecrops:item/crops/ore_crops/stage_1"},{"predicate":{"custom_model_data":609},"model":"infinitecrops:item/crops/ore_crops/stage_2"},{"predicate":{"custom_model_data":610},"model":"infinitecrops:item/crops/ore_crops/stage_3_exp"},{"predicate":{"custom_model_data":611},"model":"infinitecrops:item/crops/ore_crops/stage_4_exp"},{"predicate":{"custom_model_data":612},"model":"infinitecrops:item/crops/ore_crops/stage_4_exp_lots"},{"predicate":{"custom_model_data":613},"model":"infinitecrops:item/crops/ore_crops/stage_5_harvest"},{"predicate":{"custom_model_data":615},"model":"infinitecrops:item/crops/ore_crops/stage_3_iron"},{"predicate":{"custom_model_data":616},"model":"infinitecrops:item/crops/ore_crops/stage_4_iron"},{"predicate":{"custom_model_data":617},"model":"infinitecrops:item/crops/ore_crops/stage_4_iron_lots"},{"predicate":{"custom_model_data":619},"model":"infinitecrops:item/crops/ore_crops/stage_3_gold"},{"predicate":{"custom_model_data":620},"model":"infinitecrops:item/crops/ore_crops/stage_4_gold"},{"predicate":{"custom_model_data":621},"model":"infinitecrops:item/crops/ore_crops/stage_4_gold_lots"},{"predicate":{"custom_model_data":623},"model":"infinitecrops:item/crops/ore_crops/stage_3_emerald"},{"predicate":{"custom_model_data":624},"model":"infinitecrops:item/crops/ore_crops/stage_4_emerald"},{"predicate":{"custom_model_data":625},"model":"infinitecrops:item/crops/ore_crops/stage_4_emerald_lots"},{"predicate":{"custom_model_data":627},"model":"infinitecrops:item/crops/ore_crops/stage_3_diamond"},{"predicate":{"custom_model_data":628},"model":"infinitecrops:item/crops/ore_crops/stage_4_diamond"},{"predicate":{"custom_model_data":629},"model":"infinitecrops:item/crops/ore_crops/stage_4_diamond_lots"},{"predicate":{"custom_model_data":631},"model":"infinitecrops:item/crops/ore_crops/stage_3_netherite"},{"predicate":{"custom_model_data":632},"model":"infinitecrops:item/crops/ore_crops/stage_4_netherite"},{"predicate":{"custom_model_data":633},"model":"infinitecrops:item/crops/ore_crops/stage_4_netherite_lots"},{"predicate":{"custom_model_data":634},"model":"infinitecrops:item/sprinklers/sprinkler_1"},{"predicate":{"custom_model_data":635},"model":"infinitecrops:item/sprinklers/sprinkler_2"},{"predicate":{"custom_model_data":636},"model":"infinitecrops:item/sprinklers/sprinkler_3"},{"predicate":{"custom_model_data":637},"model":"infinitecrops:item/sprinklers/water_effect"},{"predicate":{"custom_model_data":638},"model":"infinitecrops:item/basics/solar_panel"},{"predicate":{"custom_model_data":639},"model":"infinitecrops:item/basics/solar_panel_double"},{"predicate":{"custom_model_data":640},"model":"infinitecrops:item/basics/solar_panel_ultra"},{"predicate":{"custom_model_data":641},"model":"infinitecrops:item/basics/combustion_generators"},{"predicate":{"custom_model_data":657},"model":"infinitecrops:item/fertilizers/quality_1"},{"predicate":{"custom_model_data":658},"model":"infinitecrops:item/fertilizers/quality_2"},{"predicate":{"custom_model_data":659},"model":"infinitecrops:item/fertilizers/quality_3"},{"predicate":{"custom_model_data":660},"model":"infinitecrops:item/fertilizers/soil_retain_1"},{"predicate":{"custom_model_data":661},"model":"infinitecrops:item/fertilizers/soil_retain_2"},{"predicate":{"custom_model_data":663},"model":"infinitecrops:item/fertilizers/speed_grow_2"},{"predicate":{"custom_model_data":664},"model":"infinitecrops:item/fertilizers/speed_grow_3"},{"predicate":{"custom_model_data":665},"model":"infinitecrops:item/fertilizers/yield_increase_1"},{"predicate":{"custom_model_data":666},"model":"infinitecrops:item/fertilizers/yield_increase_2"},{"predicate":{"custom_model_data":667},"model":"infinitecrops:item/fertilizers/yield_increase_3"},{"predicate":{"custom_model_data":668},"model":"infinitecrops:item/fertilizers/retain_water_2"},{"predicate":{"custom_model_data":669},"model":"infinitecrops:item/fertilizers/retain_water_3"},{"predicate":{"custom_model_data":670},"model":"infinitecrops:item/fertilizers/soil_quality_2"},{"predicate":{"custom_model_data":671},"model":"infinitecrops:item/fertilizers/soil_quality_3"},{"predicate":{"custom_model_data":672},"model":"infinitecrops:item/fertilizers/stage_increase_1"},{"predicate":{"custom_model_data":673},"model":"infinitecrops:item/fertilizers/stage_increase_2"},{"predicate":{"custom_model_data":674},"model":"infinitecrops:item/fertilizers/stage_increase_3"},{"predicate":{"custom_model_data":681},"model":"infinitecrops:item/basics/dry_pot"},{"predicate":{"custom_model_data":682},"model":"infinitecrops:item/sprinklers/sprinkler_1_animation"},{"predicate":{"custom_model_data":683},"model":"infinitecrops:item/sprinklers/sprinkler_2_animation"},{"predicate":{"custom_model_data":684},"model":"infinitecrops:item/sprinklers/sprinkler_3_animation"},{"predicate":{"custom_model_data":685},"model":"infinitecrops:item/basics/soil_surveyor"},{"predicate":{"custom_model_data":3301},"model":"item/icons/battlepass/chest"},{"predicate":{"custom_model_data":3302},"model":"item/icons/battlepass/chestopen"},{"predicate":{"custom_model_data":3303},"model":"item/icons/battlepass/chestfull"},{"predicate":{"custom_model_data":3304},"model":"item/icons/battlepass/chestdark"},{"predicate":{"custom_model_data":3305},"model":"item/icons/battlepass/book"},{"predicate":{"custom_model_data":3306},"model":"item/icons/battlepass/bookdark"},{"predicate":{"custom_model_data":4001},"model":"item/icons/battlepass/green"},{"predicate":{"custom_model_data":4002},"model":"item/icons/battlepass/yellow"},{"predicate":{"custom_model_data":4003},"model":"item/icons/battlepass/red"},{"predicate":{"custom_model_data":10000},"model":"_iainternal:ia_auto_gen/icon_left_blue"},{"predicate":{"custom_model_data":10001},"model":"_iainternal:ia_auto_gen/icon_right_blue"},{"predicate":{"custom_model_data":10002},"model":"_iainternal:ia_auto_gen/icon_search"},{"predicate":{"custom_model_data":10003},"model":"_iainternal:ia_auto_gen/icon_cancel"},{"predicate":{"custom_model_data":10004},"model":"_iainternal:ia_auto_gen/icon_arrow_chest"},{"predicate":{"custom_model_data":10005},"model":"_iainternal:ia_auto_gen/icon_back_orange"},{"predicate":{"custom_model_data":10006},"model":"_iainternal:ia_auto_gen/icon_next_orange"},{"predicate":{"custom_model_data":10007},"model":"ax_emerald_set:ia_auto_gen/emerald_icon"},{"predicate":{"custom_model_data":10008},"model":"aetherburn_pack:chest"},{"predicate":{"custom_model_data":10009},"model":"aetherburn_pack:key"},{"predicate":{"custom_model_data":10010},"model":"aetherburn_pack:wings"},{"predicate":{"custom_model_data":10011},"model":"furnituresplus:machine/fabric_machine_plus"},{"predicate":{"custom_model_data":10012},"model":"furnituresplus:redvibecollection/red_wooden_sofa_left"},{"predicate":{"custom_model_data":10013},"model":"furnituresplus:redvibecollection/red_wooden_sofa_middle"},{"predicate":{"custom_model_data":10014},"model":"furnituresplus:redvibecollection/red_wooden_sofa_right"},{"predicate":{"custom_model_data":10015},"model":"furnituresplus:redvibecollection/red_wooden_sofa_corner"},{"predicate":{"custom_model_data":10016},"model":"furnituresplus:redvibecollection/red_wooden_sofa_single"},{"predicate":{"custom_model_data":10017},"model":"furnituresplus:redvibecollection/red_wooden_lowtable"},{"predicate":{"custom_model_data":10018},"model":"furnituresplus:redvibecollection/red_wooden_buffettable"},{"predicate":{"custom_model_data":10019},"model":"furnituresplus:redvibecollection/red_bedside_table"},{"predicate":{"custom_model_data":10020},"model":"furnituresplus:redvibecollection/red_wooden_biglamp"},{"predicate":{"custom_model_data":10021},"model":"furnituresplus:redvibecollection/red_wooden_lamp"},{"predicate":{"custom_model_data":10022},"model":"furnituresplus:redvibecollection/red_wooden_lamp"},{"predicate":{"custom_model_data":10023},"model":"furnituresplus:redvibecollection/red_oakpaint"},{"predicate":{"custom_model_data":10024},"model":"furnituresplus:redvibecollection/red_wooden_chair"},{"predicate":{"custom_model_data":10025},"model":"furnituresplus:redvibecollection/red_wooden_diningtable"},{"predicate":{"custom_model_data":10026},"model":"furnituresplus:redvibecollection/red_storage_furniture"},{"predicate":{"custom_model_data":10027},"model":"furnituresplus:blankacollection/white_wooden_sofa_left"},{"predicate":{"custom_model_data":10028},"model":"furnituresplus:blankacollection/white_wooden_sofa_middle"},{"predicate":{"custom_model_data":10029},"model":"furnituresplus:blankacollection/white_wooden_sofa_right"},{"predicate":{"custom_model_data":10030},"model":"furnituresplus:blankacollection/white_wooden_sofa_corner"},{"predicate":{"custom_model_data":10031},"model":"furnituresplus:blankacollection/white_wooden_sofa_single"},{"predicate":{"custom_model_data":10032},"model":"furnituresplus:blankacollection/white_wooden_lowtable"},{"predicate":{"custom_model_data":10033},"model":"furnituresplus:blankacollection/white_wooden_buffettable"},{"predicate":{"custom_model_data":10034},"model":"furnituresplus:blankacollection/white_bedside_table"},{"predicate":{"custom_model_data":10035},"model":"furnituresplus:blankacollection/white_wooden_biglamp"},{"predicate":{"custom_model_data":10036},"model":"furnituresplus:blankacollection/white_wooden_lamp"},{"predicate":{"custom_model_data":10037},"model":"furnituresplus:blankacollection/white_wooden_lamp"},{"predicate":{"custom_model_data":10038},"model":"furnituresplus:blankacollection/white_sprucepaint"},{"predicate":{"custom_model_data":10039},"model":"furnituresplus:blankacollection/white_wooden_chair"},{"predicate":{"custom_model_data":10040},"model":"furnituresplus:blankacollection/white_wooden_diningtable"},{"predicate":{"custom_model_data":10041},"model":"furnituresplus:blankacollection/white_storage_furniture"},{"predicate":{"custom_model_data":10042},"model":"furnituresplus:summercollection/cyan_wooden_sofa_left"},{"predicate":{"custom_model_data":10043},"model":"furnituresplus:summercollection/cyan_wooden_sofa_middle"},{"predicate":{"custom_model_data":10044},"model":"furnituresplus:summercollection/cyan_wooden_sofa_right"},{"predicate":{"custom_model_data":10045},"model":"furnituresplus:summercollection/cyan_wooden_sofa_corner"},{"predicate":{"custom_model_data":10046},"model":"furnituresplus:summercollection/cyan_wooden_sofa_single"},{"predicate":{"custom_model_data":10047},"model":"furnituresplus:summercollection/cyan_lowtable"},{"predicate":{"custom_model_data":10048},"model":"furnituresplus:summercollection/cyan_buffet_table"},{"predicate":{"custom_model_data":10049},"model":"furnituresplus:summercollection/cyan_bedside_table"},{"predicate":{"custom_model_data":10050},"model":"furnituresplus:summercollection/cyan_wooden_biglamp"},{"predicate":{"custom_model_data":10051},"model":"furnituresplus:summercollection/cyan_wooden_lamp"},{"predicate":{"custom_model_data":10052},"model":"furnituresplus:summercollection/cyan_wooden_lamp"},{"predicate":{"custom_model_data":10053},"model":"furnituresplus:summercollection/cyan_summerpaint"},{"predicate":{"custom_model_data":10054},"model":"furnituresplus:summercollection/cyan_wooden_chair"},{"predicate":{"custom_model_data":10055},"model":"furnituresplus:summercollection/cyan_wooden_diningtable"},{"predicate":{"custom_model_data":10056},"model":"furnituresplus:summercollection/cyan_storage_furniture"},{"predicate":{"custom_model_data":10057},"model":"furnituresplus:acaciagraycollection/gray_wooden_sofa_left"},{"predicate":{"custom_model_data":10058},"model":"furnituresplus:acaciagraycollection/gray_wooden_sofa_middle"},{"predicate":{"custom_model_data":10059},"model":"furnituresplus:acaciagraycollection/gray_wooden_sofa_right"},{"predicate":{"custom_model_data":10060},"model":"furnituresplus:acaciagraycollection/gray_wooden_sofa_corner"},{"predicate":{"custom_model_data":10061},"model":"furnituresplus:acaciagraycollection/gray_wooden_sofa_single"},{"predicate":{"custom_model_data":10062},"model":"furnituresplus:acaciagraycollection/gray_wooden_lowtable"},{"predicate":{"custom_model_data":10063},"model":"furnituresplus:acaciagraycollection/gray_wooden_buffettable"},{"predicate":{"custom_model_data":10064},"model":"furnituresplus:acaciagraycollection/gray_bedside_table"},{"predicate":{"custom_model_data":10065},"model":"furnituresplus:acaciagraycollection/gray_wooden_biglamp"},{"predicate":{"custom_model_data":10066},"model":"furnituresplus:acaciagraycollection/gray_wooden_lamp"},{"predicate":{"custom_model_data":10067},"model":"furnituresplus:acaciagraycollection/gray_wooden_lamp"},{"predicate":{"custom_model_data":10068},"model":"furnituresplus:acaciagraycollection/gray_acaciapaint"},{"predicate":{"custom_model_data":10069},"model":"furnituresplus:acaciagraycollection/gray_wooden_chair"},{"predicate":{"custom_model_data":10070},"model":"furnituresplus:acaciagraycollection/gray_wooden_diningtable"},{"predicate":{"custom_model_data":10071},"model":"furnituresplus:acaciagraycollection/gray_storage_furniture"},{"predicate":{"custom_model_data":10072},"model":"furnituresplus:steelcollection/iron_sofa_left"},{"predicate":{"custom_model_data":10073},"model":"furnituresplus:steelcollection/iron_sofa_middle"},{"predicate":{"custom_model_data":10074},"model":"furnituresplus:steelcollection/iron_sofa_right"},{"predicate":{"custom_model_data":10075},"model":"furnituresplus:steelcollection/iron_sofa_corner"},{"predicate":{"custom_model_data":10076},"model":"furnituresplus:steelcollection/iron_sofa_single"},{"predicate":{"custom_model_data":10077},"model":"furnituresplus:steelcollection/iron_lowtable"},{"predicate":{"custom_model_data":10078},"model":"furnituresplus:steelcollection/iron_buffettable"},{"predicate":{"custom_model_data":10079},"model":"furnituresplus:steelcollection/iron_bedside_table"},{"predicate":{"custom_model_data":10080},"model":"furnituresplus:steelcollection/iron_biglamp"},{"predicate":{"custom_model_data":10081},"model":"furnituresplus:steelcollection/iron_lamp"},{"predicate":{"custom_model_data":10082},"model":"furnituresplus:steelcollection/iron_lamp"},{"predicate":{"custom_model_data":10083},"model":"furnituresplus:steelcollection/iron_paint"},{"predicate":{"custom_model_data":10084},"model":"furnituresplus:steelcollection/iron_chair"},{"predicate":{"custom_model_data":10085},"model":"furnituresplus:steelcollection/iron_diningtable"},{"predicate":{"custom_model_data":10086},"model":"furnituresplus:steelcollection/iron_storage_furniture"},{"predicate":{"custom_model_data":10087},"model":"furnituresplus:amethystcollection/amethyst_sofa_left"},{"predicate":{"custom_model_data":10088},"model":"furnituresplus:amethystcollection/amethyst_sofa_right"},{"predicate":{"custom_model_data":10089},"model":"furnituresplus:amethystcollection/amethyst_sofa_middle"},{"predicate":{"custom_model_data":10090},"model":"furnituresplus:amethystcollection/amethyst_sofa_corner"},{"predicate":{"custom_model_data":10091},"model":"furnituresplus:amethystcollection/amethyst_sofa_single"},{"predicate":{"custom_model_data":10092},"model":"furnituresplus:amethystcollection/amethyst_lowtable"},{"predicate":{"custom_model_data":10093},"model":"furnituresplus:amethystcollection/amethys_buffet_table"},{"predicate":{"custom_model_data":10094},"model":"furnituresplus:amethystcollection/amethyst_bedside_table"},{"predicate":{"custom_model_data":10095},"model":"furnituresplus:amethystcollection/amethyst_biglamp"},{"predicate":{"custom_model_data":10096},"model":"furnituresplus:amethystcollection/amethyst_lamp"},{"predicate":{"custom_model_data":10097},"model":"furnituresplus:amethystcollection/amethyst_lamp"},{"predicate":{"custom_model_data":10098},"model":"furnituresplus:amethystcollection/amethyst_paint"},{"predicate":{"custom_model_data":10099},"model":"furnituresplus:amethystcollection/amethyst_chair"},{"predicate":{"custom_model_data":10100},"model":"furnituresplus:amethystcollection/amethyst_diningtable"},{"predicate":{"custom_model_data":10101},"model":"furnituresplus:amethystcollection/amethyst_storage_furniture"},{"predicate":{"custom_model_data":10102},"model":"furnituresplus:others/radio"},{"predicate":{"custom_model_data":10103},"model":"furnituresplus:others/bluepaint"},{"predicate":{"custom_model_data":10104},"model":"furnituresplus:others/greenpaint"},{"predicate":{"custom_model_data":10105},"model":"furnituresplus:others/greenpaintb"},{"predicate":{"custom_model_data":10106},"model":"furnituresplus:bamboocollection/bamboo_wooden_sofa_left"},{"predicate":{"custom_model_data":10107},"model":"furnituresplus:bamboocollection/bamboo_wooden_sofa_right"},{"predicate":{"custom_model_data":10108},"model":"furnituresplus:bamboocollection/bamboo_wooden_sofa_middle"},{"predicate":{"custom_model_data":10109},"model":"furnituresplus:bamboocollection/bamboo_wooden_sofa_corner"},{"predicate":{"custom_model_data":10110},"model":"furnituresplus:bamboocollection/bamboo_wooden_sofa_single"},{"predicate":{"custom_model_data":10111},"model":"furnituresplus:bamboocollection/bamboo_lowtable"},{"predicate":{"custom_model_data":10112},"model":"furnituresplus:bamboocollection/bamboo_buffet_table"},{"predicate":{"custom_model_data":10113},"model":"furnituresplus:bamboocollection/bamboo_bedside_table"},{"predicate":{"custom_model_data":10114},"model":"furnituresplus:bamboocollection/bamboo_biglamp"},{"predicate":{"custom_model_data":10115},"model":"furnituresplus:bamboocollection/bamboo_wooden_lamp"},{"predicate":{"custom_model_data":10116},"model":"furnituresplus:bamboocollection/bamboo_wooden_hanginglamp"},{"predicate":{"custom_model_data":10117},"model":"furnituresplus:bamboocollection/bamboo_paint"},{"predicate":{"custom_model_data":10118},"model":"furnituresplus:bamboocollection/bamboo_wooden_chair"},{"predicate":{"custom_model_data":10119},"model":"furnituresplus:bamboocollection/bamboo_wooden_diningtable"},{"predicate":{"custom_model_data":10120},"model":"furnituresplus:bamboocollection/bamboo_storage_furniture"},{"predicate":{"custom_model_data":10121},"model":"furnituresplus:mangrovecollection/mangrove_wooden_sofa_left"},{"predicate":{"custom_model_data":10122},"model":"furnituresplus:mangrovecollection/mangrove_wooden_sofa_right"},{"predicate":{"custom_model_data":10123},"model":"furnituresplus:mangrovecollection/mangrove_wooden_sofa_middle"},{"predicate":{"custom_model_data":10124},"model":"furnituresplus:mangrovecollection/mangrove_wooden_sofa_corner"},{"predicate":{"custom_model_data":10125},"model":"furnituresplus:mangrovecollection/mangrove_wooden_sofa_single"},{"predicate":{"custom_model_data":10126},"model":"furnituresplus:mangrovecollection/mangrove_lowtable"},{"predicate":{"custom_model_data":10127},"model":"furnituresplus:mangrovecollection/mangrove_buffet_table"},{"predicate":{"custom_model_data":10128},"model":"furnituresplus:mangrovecollection/mangrove_bedside_table"},{"predicate":{"custom_model_data":10129},"model":"furnituresplus:mangrovecollection/mangrove_biglamp"},{"predicate":{"custom_model_data":10130},"model":"furnituresplus:mangrovecollection/mangrove_wooden_lamp"},{"predicate":{"custom_model_data":10131},"model":"furnituresplus:mangrovecollection/mangrove_wooden_hanginglamp"},{"predicate":{"custom_model_data":10132},"model":"furnituresplus:mangrovecollection/mangrove_paint"},{"predicate":{"custom_model_data":10133},"model":"furnituresplus:mangrovecollection/mangrove_wooden_chair"},{"predicate":{"custom_model_data":10134},"model":"furnituresplus:mangrovecollection/mangrove_wooden_diningtable"},{"predicate":{"custom_model_data":10135},"model":"furnituresplus:mangrovecollection/mangrove_storage_furniture"},{"predicate":{"custom_model_data":10136},"model":"infinitecrops:item/crops/cabbage/cabbage_seeds"},{"predicate":{"custom_model_data":10137},"model":"furnituresplus:cherrycollection/cherry_wooden_sofa_left"},{"predicate":{"custom_model_data":10138},"model":"furnituresplus:cherrycollection/cherry_wooden_sofa_right"},{"predicate":{"custom_model_data":10139},"model":"furnituresplus:cherrycollection/cherry_wooden_sofa_middle"},{"predicate":{"custom_model_data":10140},"model":"furnituresplus:cherrycollection/cherry_wooden_sofa_corner"},{"predicate":{"custom_model_data":10141},"model":"furnituresplus:cherrycollection/cherry_wooden_sofa_single"},{"predicate":{"custom_model_data":10142},"model":"furnituresplus:cherrycollection/cherry_lowtable"},{"predicate":{"custom_model_data":10143},"model":"furnituresplus:cherrycollection/cherry_buffet_table"},{"predicate":{"custom_model_data":10144},"model":"furnituresplus:cherrycollection/cherry_bedside_table"},{"predicate":{"custom_model_data":10145},"model":"furnituresplus:cherrycollection/cherry_biglamp"},{"predicate":{"custom_model_data":10146},"model":"furnituresplus:cherrycollection/cherry_wooden_lamp"},{"predicate":{"custom_model_data":10147},"model":"furnituresplus:cherrycollection/cherry_wooden_hanginglamp"},{"predicate":{"custom_model_data":10148},"model":"furnituresplus:cherrycollection/cherry_paint"},{"predicate":{"custom_model_data":10149},"model":"furnituresplus:cherrycollection/cherry_wooden_chair"},{"predicate":{"custom_model_data":10150},"model":"furnituresplus:cherrycollection/cherry_wooden_diningtable"},{"predicate":{"custom_model_data":10151},"model":"furnituresplus:cherrycollection/cherry_storage_furniture"},{"predicate":{"custom_model_data":10152},"model":"public_signs:bank_sign"},{"predicate":{"custom_model_data":10153},"model":"public_signs:cosmetic_sign"},{"predicate":{"custom_model_data":10154},"model":"public_signs:furniture_sign"},{"predicate":{"custom_model_data":10155},"model":"public_signs:general_blacksmith_sign"},{"predicate":{"custom_model_data":10156},"model":"public_signs:general_store_sign"},{"predicate":{"custom_model_data":10157},"model":"public_signs:here_sign"},{"predicate":{"custom_model_data":10158},"model":"public_signs:petshop_sign"},{"predicate":{"custom_model_data":10159},"model":"public_signs:soon_sign"},{"predicate":{"custom_model_data":10160},"model":"public_signs:we_are_open_sign"},{"predicate":{"custom_model_data":10161},"model":"elitecreatures:carnivoret_weapon_set/chest"},{"predicate":{"custom_model_data":10162},"model":"elitecreatures:carnivoret_weapon_set/hat"},{"predicate":{"custom_model_data":10163},"model":"elitecreatures:carnivoret_weapon_set/key"},{"predicate":{"custom_model_data":10164},"model":"elitecreatures:carnivoret_weapon_set/wing"},{"predicate":{"custom_model_data":10170},"model":"iasurvival:ia_auto_gen/modern_sandstone"},{"predicate":{"custom_model_data":10171},"model":"iaalchemy:ia_auto_gen/nether_alchemy_ore"},{"predicate":{"custom_model_data":10172},"model":"iafestivities:christmas/christmas_wreath"},{"predicate":{"custom_model_data":10173},"model":"iafestivities:christmas/christmas_candle"},{"predicate":{"custom_model_data":10174},"model":"iasurvival:ia_auto_gen/dark_amethyst_prism_block"},{"predicate":{"custom_model_data":10175},"model":"iasurvival:ia_auto_gen/cassiterite_ore"},{"predicate":{"custom_model_data":10176},"model":"iafestivities:christmas/christmas_tree"},{"predicate":{"custom_model_data":10177},"model":"iasurvival:ia_auto_gen/end_ore"},{"predicate":{"custom_model_data":10178},"model":"iafestivities:halloween/decorative_pumpkin"},{"predicate":{"custom_model_data":10179},"model":"iasurvival:ia_auto_gen/coal_dirt_ore"},{"predicate":{"custom_model_data":10180},"model":"iasurvival:ia_auto_gen/nice_wood"},{"predicate":{"custom_model_data":10181},"model":"iasurvival:ia_auto_gen/dark_amethyst_block"},{"predicate":{"custom_model_data":10182},"model":"iaalchemy:ia_auto_gen/mysterious_ore"},{"predicate":{"custom_model_data":10183},"model":"iasurvival:ia_auto_gen/forgotten_crying_obsidian"},{"predicate":{"custom_model_data":10184},"model":"iasurvival:ia_auto_gen/cassiterite_block"},{"predicate":{"custom_model_data":10185},"model":"iasurvival:ia_auto_gen/aqua_aura_ore"},{"predicate":{"custom_model_data":10186},"model":"iasurvival:ia_auto_gen/iron_dirt_ore"},{"predicate":{"custom_model_data":10187},"model":"iasurvival:ia_auto_gen/spinel_ore"},{"predicate":{"custom_model_data":10188},"model":"iafestivities:christmas/decorative_candy_cane"},{"predicate":{"custom_model_data":10189},"model":"iasurvival:ia_auto_gen/aqua_aura_block"},{"predicate":{"custom_model_data":10190},"model":"iaalchemy:item/alchemy_candles"},{"predicate":{"custom_model_data":10191},"model":"iaalchemy:item/energy_converter"},{"predicate":{"custom_model_data":10192},"model":"iasurvival:ia_auto_gen/ruby_block"},{"predicate":{"custom_model_data":10193},"model":"iasurvival:ia_auto_gen/spinel_block"},{"predicate":{"custom_model_data":10194},"model":"iasurvival:ia_auto_gen/ruby_ore"},{"predicate":{"custom_model_data":10195},"model":"infinitecrops:item/wateringcans/watering_can_1"},{"predicate":{"custom_model_data":10196},"model":"infinitecrops:item/basics/robot"},{"predicate":{"custom_model_data":10197},"model":"infinitecrops:item/basics/robot_water"},{"predicate":{"custom_model_data":10198},"model":"iasurvival:ia_auto_gen/gold_dirt_ore"},{"predicate":{"custom_model_data":10199},"model":"iaalchemy:item/mysterious_stone"},{"predicate":{"custom_model_data":10200},"model":"iasurvival:ia_auto_gen/turquoise_block"},{"predicate":{"custom_model_data":10201},"model":"iasurvival:ia_auto_gen/crystal_block"},{"predicate":{"custom_model_data":10202},"model":"infinitecrops:item/basics/greenhouse_glass"},{"predicate":{"custom_model_data":10203},"model":"iaalchemy:item/energy_extractor"},{"predicate":{"custom_model_data":10204},"model":"iasurvival:ia_auto_gen/customization_table"},{"predicate":{"custom_model_data":10205},"model":"iasurvival:ia_auto_gen/dark_amethyst_ore"},{"predicate":{"custom_model_data":10206},"model":"mcicons:ia_auto_gen/icon_left_gray"},{"predicate":{"custom_model_data":10207},"model":"mcicons:ia_auto_gen/icon_left_blue"},{"predicate":{"custom_model_data":10208},"model":"mcicons:ia_auto_gen/icon_right_gray"},{"predicate":{"custom_model_data":10209},"model":"mcicons:ia_auto_gen/icon_right_blue"},{"predicate":{"custom_model_data":10210},"model":"mcicons:ia_auto_gen/icon_up_gray"},{"predicate":{"custom_model_data":10211},"model":"mcicons:ia_auto_gen/icon_up_blue"},{"predicate":{"custom_model_data":10212},"model":"mcicons:ia_auto_gen/icon_down_gray"},{"predicate":{"custom_model_data":10213},"model":"mcicons:ia_auto_gen/icon_down_blue"},{"predicate":{"custom_model_data":10214},"model":"mcicons:ia_auto_gen/icon_next_white"},{"predicate":{"custom_model_data":10215},"model":"mcicons:ia_auto_gen/icon_next_orange"},{"predicate":{"custom_model_data":10216},"model":"mcicons:ia_auto_gen/icon_back_white"},{"predicate":{"custom_model_data":10217},"model":"mcicons:ia_auto_gen/icon_back_orange"},{"predicate":{"custom_model_data":10218},"model":"mcicons:ia_auto_gen/icon_cancel"},{"predicate":{"custom_model_data":10219},"model":"mcicons:ia_auto_gen/icon_confirm"},{"predicate":{"custom_model_data":10220},"model":"mcicons:ia_auto_gen/icon_lock"},{"predicate":{"custom_model_data":10221},"model":"mcicons:ia_auto_gen/icon_unlock"},{"predicate":{"custom_model_data":10222},"model":"mcicons:ia_auto_gen/icon_web"},{"predicate":{"custom_model_data":10223},"model":"mcicons:ia_auto_gen/icon_ender_chest"},{"predicate":{"custom_model_data":10224},"model":"mcicons:ia_auto_gen/icon_refresh"},{"predicate":{"custom_model_data":10225},"model":"mcicons:ia_auto_gen/icon_time_day"},{"predicate":{"custom_model_data":10226},"model":"mcicons:ia_auto_gen/icon_time_midnight"},{"predicate":{"custom_model_data":10227},"model":"mcicons:ia_auto_gen/icon_time_night"},{"predicate":{"custom_model_data":10228},"model":"mcicons:ia_auto_gen/icon_time_noon"},{"predicate":{"custom_model_data":10229},"model":"mcicons:ia_auto_gen/icon_time_sunrise"},{"predicate":{"custom_model_data":10230},"model":"mcicons:ia_auto_gen/icon_time_sunset"},{"predicate":{"custom_model_data":10231},"model":"mcicons:ia_auto_gen/icon_toggle_off"},{"predicate":{"custom_model_data":10232},"model":"mcicons:ia_auto_gen/icon_toggle_on"},{"predicate":{"custom_model_data":10233},"model":"mcicons:ia_auto_gen/icon_arrow_chest"},{"predicate":{"custom_model_data":10234},"model":"mcicons:ia_auto_gen/icon_plus"},{"predicate":{"custom_model_data":10235},"model":"mcicons:ia_auto_gen/icon_color_picker"},{"predicate":{"custom_model_data":10236},"model":"mcicons:ia_auto_gen/icon_comment"},{"predicate":{"custom_model_data":10237},"model":"mcicons:ia_auto_gen/icon_search"},{"predicate":{"custom_model_data":10238},"model":"iasurvival:ia_auto_gen/turquoise_ore"},{"predicate":{"custom_model_data":10239},"model":"iasurvival:ia_auto_gen/restoration_table"},{"predicate":{"custom_model_data":10240},"model":"iasurvival:ia_auto_gen/modern_stone"},{"predicate":{"custom_model_data":10241},"model":"iasurvival:ia_auto_gen/blaze_powder_ore"},{"predicate":{"custom_model_data":10242},"model":"iasurvival:ia_auto_gen/modern_quartz"},{"predicate":{"custom_model_data":10243},"model":"iasurvival:ia_auto_gen/nice_stone"},{"predicate":{"custom_model_data":10244},"model":"iavehicles:air/broomstick"},{"predicate":{"custom_model_data":10245},"model":"iadeco:coffee_machine"},{"predicate":{"custom_model_data":10246},"model":"iadeco:monitor"},{"predicate":{"custom_model_data":10247},"model":"iadeco:small_fountain"},{"predicate":{"custom_model_data":10248},"model":"iadeco:painting_burst"},{"predicate":{"custom_model_data":10249},"model":"iadeco:painting_courbet"},{"predicate":{"custom_model_data":10250},"model":"iadeco:painting_graham"},{"predicate":{"custom_model_data":10251},"model":"iadeco:painting_match"},{"predicate":{"custom_model_data":10252},"model":"iadeco:painting_pool"},{"predicate":{"custom_model_data":10253},"model":"iadeco:painting_skull_and_roses"},{"predicate":{"custom_model_data":10254},"model":"iadeco:painting_stage"},{"predicate":{"custom_model_data":10255},"model":"iadeco:painting_void"},{"predicate":{"custom_model_data":10256},"model":"iadeco:painting_wanderer"},{"predicate":{"custom_model_data":10257},"model":"iavehicles:air/ufo"},{"predicate":{"custom_model_data":10258},"model":"iadeco:dark_throne"},{"predicate":{"custom_model_data":10259},"model":"iavehicles:air/oak_wood_plane"},{"predicate":{"custom_model_data":10260},"model":"iavehicles:air/spruce_wood_plane"},{"predicate":{"custom_model_data":10261},"model":"iavehicles:air/birch_wood_plane"},{"predicate":{"custom_model_data":10262},"model":"iavehicles:air/jungle_wood_plane"},{"predicate":{"custom_model_data":10263},"model":"iavehicles:air/acacia_wood_plane"},{"predicate":{"custom_model_data":10264},"model":"iavehicles:air/dark_oak_wood_plane"},{"predicate":{"custom_model_data":10265},"model":"iadeco:vending_machine"},{"predicate":{"custom_model_data":10266},"model":"iadeco:mini_fridge"},{"predicate":{"custom_model_data":10267},"model":"iadeco:tv"},{"predicate":{"custom_model_data":10268},"model":"iadeco:white_chandeliers"},{"predicate":{"custom_model_data":10269},"model":"iadeco:black_chandeliers"},{"predicate":{"custom_model_data":10270},"model":"iadeco:black_and_red_chandeliers"},{"predicate":{"custom_model_data":10271},"model":"iavehicles:ground/white_go_cart"},{"predicate":{"custom_model_data":10272},"model":"iavehicles:ground/orange_go_cart"},{"predicate":{"custom_model_data":10273},"model":"iavehicles:ground/magenta_go_cart"},{"predicate":{"custom_model_data":10274},"model":"iavehicles:ground/light_blue_go_cart"},{"predicate":{"custom_model_data":10275},"model":"iavehicles:ground/yellow_go_cart"},{"predicate":{"custom_model_data":10276},"model":"iavehicles:ground/lime_go_cart"},{"predicate":{"custom_model_data":10277},"model":"iavehicles:ground/pink_go_cart"},{"predicate":{"custom_model_data":10278},"model":"iavehicles:ground/gray_go_cart"},{"predicate":{"custom_model_data":10279},"model":"iavehicles:ground/light_gray_go_cart"},{"predicate":{"custom_model_data":10280},"model":"iavehicles:ground/cyan_go_cart"},{"predicate":{"custom_model_data":10281},"model":"iavehicles:ground/purple_go_cart"},{"predicate":{"custom_model_data":10282},"model":"iavehicles:ground/blue_go_cart"},{"predicate":{"custom_model_data":10283},"model":"iavehicles:ground/brown_go_cart"},{"predicate":{"custom_model_data":10284},"model":"iavehicles:ground/green_go_cart"},{"predicate":{"custom_model_data":10285},"model":"iavehicles:ground/red_go_cart"},{"predicate":{"custom_model_data":10286},"model":"iavehicles:ground/black_go_cart"},{"predicate":{"custom_model_data":10287},"model":"iadeco:lit_campfire"},{"predicate":{"custom_model_data":10288},"model":"iadeco:computer_desk"},{"predicate":{"custom_model_data":10289},"model":"iavehicles:ground/shopping_cart"},{"predicate":{"custom_model_data":10290},"model":"iadeco:lamp"},{"predicate":{"custom_model_data":10291},"model":"iadeco:opened_chest"},{"predicate":{"custom_model_data":10292},"model":"iadeco:computer_chair"},{"predicate":{"custom_model_data":10293},"model":"iadeco:old_clock"},{"predicate":{"custom_model_data":10294},"model":"iadeco:simple_chair"},{"predicate":{"custom_model_data":10295},"model":"iadeco:lava_lamp"},{"predicate":{"custom_model_data":10296},"model":"iadeco:white_chair"},{"predicate":{"custom_model_data":10297},"model":"iadeco:school_chair"},{"predicate":{"custom_model_data":10298},"model":"iadeco:school_chair_lazy"},{"predicate":{"custom_model_data":10299},"model":"iadeco:white_wood_chair"},{"predicate":{"custom_model_data":10300},"model":"iadeco:orange_wood_chair"},{"predicate":{"custom_model_data":10301},"model":"iadeco:magenta_wood_chair"},{"predicate":{"custom_model_data":10302},"model":"iadeco:light_blue_wood_chair"},{"predicate":{"custom_model_data":10303},"model":"iadeco:yellow_wood_chair"},{"predicate":{"custom_model_data":10304},"model":"iadeco:lime_wood_chair"},{"predicate":{"custom_model_data":10305},"model":"iadeco:pink_wood_chair"},{"predicate":{"custom_model_data":10306},"model":"iadeco:gray_wood_chair"},{"predicate":{"custom_model_data":10307},"model":"iadeco:light_gray_wood_chair"},{"predicate":{"custom_model_data":10308},"model":"iadeco:cyan_wood_chair"},{"predicate":{"custom_model_data":10309},"model":"iadeco:purple_wood_chair"},{"predicate":{"custom_model_data":10310},"model":"iadeco:blue_wood_chair"},{"predicate":{"custom_model_data":10311},"model":"iadeco:brown_wood_chair"},{"predicate":{"custom_model_data":10312},"model":"iadeco:green_wood_chair"},{"predicate":{"custom_model_data":10313},"model":"iadeco:red_wood_chair"},{"predicate":{"custom_model_data":10314},"model":"iadeco:black_wood_chair"},{"predicate":{"custom_model_data":10315},"model":"iadeco:glass_table"},{"predicate":{"custom_model_data":10316},"model":"iadeco:white_bar_chair"},{"predicate":{"custom_model_data":10317},"model":"iadeco:orange_bar_chair"},{"predicate":{"custom_model_data":10318},"model":"iadeco:magenta_bar_chair"},{"predicate":{"custom_model_data":10319},"model":"iadeco:light_blue_bar_chair"},{"predicate":{"custom_model_data":10320},"model":"iadeco:yellow_bar_chair"},{"predicate":{"custom_model_data":10321},"model":"iadeco:lime_bar_chair"},{"predicate":{"custom_model_data":10322},"model":"iadeco:pink_bar_chair"},{"predicate":{"custom_model_data":10323},"model":"iadeco:gray_bar_chair"},{"predicate":{"custom_model_data":10324},"model":"iadeco:light_gray_bar_chair"},{"predicate":{"custom_model_data":10325},"model":"iadeco:cyan_bar_chair"},{"predicate":{"custom_model_data":10326},"model":"iadeco:purple_bar_chair"},{"predicate":{"custom_model_data":10327},"model":"iadeco:blue_bar_chair"},{"predicate":{"custom_model_data":10328},"model":"iadeco:brown_bar_chair"},{"predicate":{"custom_model_data":10329},"model":"iadeco:green_bar_chair"},{"predicate":{"custom_model_data":10330},"model":"iadeco:red_bar_chair"},{"predicate":{"custom_model_data":10331},"model":"iadeco:black_bar_chair"},{"predicate":{"custom_model_data":10332},"model":"iadeco:table"},{"predicate":{"custom_model_data":10333},"model":"magic_store:subpack_farmer_props/farmer_pack_cart_3"},{"predicate":{"custom_model_data":10334},"model":"magic_store:subpack_farmer_props/farmer_pack_cart_4"},{"predicate":{"custom_model_data":10335},"model":"magic_store:subpack_farmer_props/farmer_pack_cart_5"},{"predicate":{"custom_model_data":10336},"model":"magic_store:subpack_farmer_props/farmer_pack_chair"},{"predicate":{"custom_model_data":10337},"model":"magic_store:subpack_farmer_props/farmer_pack_fence_1"},{"predicate":{"custom_model_data":10338},"model":"magic_store:subpack_farmer_props/farmer_pack_fence_2"},{"predicate":{"custom_model_data":10339},"model":"magic_store:subpack_farmer_props/farmer_pack_fence_3"},{"predicate":{"custom_model_data":10340},"model":"magic_store:subpack_farmer_props/farmer_pack_fence_4"},{"predicate":{"custom_model_data":10341},"model":"magic_store:subpack_farmer_props/farmer_pack_fence_5"},{"predicate":{"custom_model_data":10342},"model":"magic_store:subpack_farmer_props/farmer_pack_log_1"},{"predicate":{"custom_model_data":10343},"model":"magic_store:subpack_farmer_props/farmer_pack_log_2"},{"predicate":{"custom_model_data":10344},"model":"magic_store:subpack_farmer_props/farmer_pack_log_3"},{"predicate":{"custom_model_data":10345},"model":"magic_store:subpack_farmer_props/farmer_pack_scarecrow"},{"predicate":{"custom_model_data":10346},"model":"magic_store:subpack_farmer_props/farmer_pack_shovel_1"},{"predicate":{"custom_model_data":10347},"model":"magic_store:subpack_farmer_props/farmer_pack_small_hay"},{"predicate":{"custom_model_data":10348},"model":"magic_store:subpack_farmer_props/farmer_pack_small_hay_2"},{"predicate":{"custom_model_data":10349},"model":"magic_store:subpack_farmer_props/farmer_pack_table"},{"predicate":{"custom_model_data":10350},"model":"magic_store:subpack_farmer_props/farmer_pack_under"},{"predicate":{"custom_model_data":10351},"model":"magic_store:subpack_farmer_props/farmer_pack_water_1"},{"predicate":{"custom_model_data":10352},"model":"magic_store:subpack_farmer_props/farmer_pack_water_2"},{"predicate":{"custom_model_data":10353},"model":"magic_store:subpack_farmer_props/farmer_pack_big_hay"},{"predicate":{"custom_model_data":10354},"model":"magic_store:subpack_farmer_props/farmer_pack_cart"},{"predicate":{"custom_model_data":10355},"model":"magic_store:subpack_farmer_props/farmer_pack_cart_2"},{"predicate":{"custom_model_data":10356},"model":"magic_store:ia_auto_gen/farmer_pack_apple_block"},{"predicate":{"custom_model_data":10357},"model":"magic_store:ia_auto_gen/farmer_pack_carrot_block"},{"predicate":{"custom_model_data":10358},"model":"magic_store:ia_auto_gen/farmer_pack_cocoa_block"},{"predicate":{"custom_model_data":10359},"model":"magic_store:ia_auto_gen/farmer_pack_empty_block"},{"predicate":{"custom_model_data":10360},"model":"magic_store:ia_auto_gen/farmer_pack_potato_block"},{"predicate":{"custom_model_data":10361},"model":"magic_store:ia_auto_gen/farmer_pack_wheat_block"},{"predicate":{"custom_model_data":110007},"model":"blank:auto_generated/blank"},{"predicate":{"custom_model_data":110008},"model":"item/paper"}]}