{"parent":"minecraft:item/generated","textures":{"layer0":"minecraft:item/shears"},"overrides":[{"predicate":{"custom_model_data":50221},"model":"iasurvival:ia_auto_gen/black_shears"},{"predicate":{"custom_model_data":50222},"model":"iasurvival:ia_auto_gen/red_shears"},{"predicate":{"custom_model_data":50223},"model":"iasurvival:ia_auto_gen/green_shears"},{"predicate":{"custom_model_data":50224},"model":"iasurvival:ia_auto_gen/blue_shears"},{"predicate":{"custom_model_data":50225},"model":"iasurvival:ia_auto_gen/purple_shears"},{"predicate":{"custom_model_data":50226},"model":"iasurvival:ia_auto_gen/cyan_shears"},{"predicate":{"custom_model_data":50227},"model":"item/shears"}]}