{"parent":"minecraft:item/generated","textures":{"layer0":"minecraft:item/sweet_berries"},"overrides":[{"predicate":{"custom_model_data":607},"model":"infinitecrops:item/crops/ore_crops/exp_seed"},{"predicate":{"custom_model_data":614},"model":"infinitecrops:item/crops/ore_crops/iron_seed"},{"predicate":{"custom_model_data":618},"model":"infinitecrops:item/crops/ore_crops/golden_seed"},{"predicate":{"custom_model_data":622},"model":"infinitecrops:item/crops/ore_crops/emerald_seed"},{"predicate":{"custom_model_data":626},"model":"infinitecrops:item/crops/ore_crops/diamond_seed"},{"predicate":{"custom_model_data":630},"model":"infinitecrops:item/crops/ore_crops/netherite_seed"},{"predicate":{"custom_model_data":631},"model":"item/sweet_berries"}]}