{"credit":"Blockbench","textures":{"1":"infinitecrops:item/crops/orange_tree/stage_1"},"elements":[{"from":[6.3425,-7,6.674],"to":[9.6575,12.89,9.989],"rotation":{"angle":0,"axis":"y","origin":[-18.52,-7,-18.52]},"faces":{"north":{"uv":[16,3.275,15.5,5.725],"texture":"#1"},"east":{"uv":[15.5,3.275,16,5.725],"texture":"#1"},"south":{"uv":[16,3.275,15.5,5.725],"texture":"#1"},"west":{"uv":[15.5,3.275,16,5.725],"texture":"#1"},"up":{"uv":[15.5,3.275,16,5.725],"texture":"#1"},"down":{"uv":[15.5,3.275,16,5.725],"texture":"#1"}}},{"from":[7.337,-7,8],"to":[10.652,-5.011,14.63],"rotation":{"angle":22.5,"axis":"x","origin":[9.6575,-6.0055,11.315]},"faces":{"north":{"uv":[15.5,5.475,16,6.225],"texture":"#1"},"east":{"uv":[15.75,5.475,15.5,6.225],"texture":"#1"},"south":{"uv":[16,5.475,15.5,6.225],"texture":"#1"},"west":{"uv":[16,5.475,15.75,6.225],"texture":"#1"},"up":{"uv":[16,5.475,15.5,6.225],"texture":"#1"},"down":{"uv":[16,5.475,15.5,6.225],"texture":"#1"}}},{"from":[1.37,-7.663,8.3315],"to":[8,-5.674,11.6465],"rotation":{"angle":22.5,"axis":"z","origin":[2.3645,-6.0055,11.315]},"faces":{"north":{"uv":[16,5.475,15.75,6.225],"rotation":90,"texture":"#1"},"east":{"uv":[15.5,5.475,16,6.225],"texture":"#1"},"south":{"uv":[15.75,5.475,15.5,6.225],"rotation":90,"texture":"#1"},"west":{"uv":[16,5.475,15.5,6.225],"texture":"#1"},"up":{"uv":[16,5.475,15.5,6.225],"rotation":90,"texture":"#1"},"down":{"uv":[15.5,5.475,16,6.225],"rotation":90,"texture":"#1"}}},{"from":[4.685,-7,1.37],"to":[8,-5.011,8],"rotation":{"angle":-22.5,"axis":"x","origin":[9.6575,-6.0055,4.685]},"faces":{"north":{"uv":[15.5,5.475,16,6.225],"texture":"#1"},"east":{"uv":[15.5,5.475,15.75,6.225],"texture":"#1"},"south":{"uv":[16,5.475,15.5,6.225],"texture":"#1"},"west":{"uv":[15.75,5.475,16,6.225],"texture":"#1"},"up":{"uv":[16,6.225,15.5,5.475],"texture":"#1"},"down":{"uv":[16,6.225,15.5,5.475],"texture":"#1"}}},{"from":[8.97757,-7.55972,5.0165],"to":[15.60757,-5.57072,8.3315],"rotation":{"angle":-22.5,"axis":"z","origin":[13.95007,-1.92422,6.011]},"faces":{"north":{"uv":[15.75,6.225,15.5,5.475],"rotation":90,"texture":"#1"},"east":{"uv":[16,5.475,15.5,6.225],"texture":"#1"},"south":{"uv":[16,6.225,15.75,5.475],"rotation":90,"texture":"#1"},"west":{"uv":[15.5,5.475,16,6.225],"texture":"#1"},"up":{"uv":[15.5,5.475,16,6.225],"rotation":90,"texture":"#1"},"down":{"uv":[16,5.475,15.5,6.225],"rotation":90,"texture":"#1"}}},{"from":[0,11.3,-5.65],"to":[15,25,8.35],"rotation":{"angle":0,"axis":"y","origin":[-4,3,-4]},"faces":{"north":{"uv":[0,0,2,2],"texture":"#1"},"east":{"uv":[0,0,2,2],"texture":"#1"},"south":{"uv":[0,0,2,2],"texture":"#1"},"west":{"uv":[0,0,2,2],"texture":"#1"},"up":{"uv":[0,0,2,2],"texture":"#1"},"down":{"uv":[0,0,2,2],"texture":"#1"}}},{"from":[-7,4.1,2.95],"to":[8,17.8,16.95],"rotation":{"angle":0,"axis":"y","origin":[-4,3,-4]},"faces":{"north":{"uv":[0,0,2,2],"texture":"#1"},"east":{"uv":[0,0,2,2],"texture":"#1"},"south":{"uv":[0,0,2,2],"texture":"#1"},"west":{"uv":[0,0,2,2],"texture":"#1"},"up":{"uv":[0,0,2,2],"texture":"#1"},"down":{"uv":[0,0,2,2],"texture":"#1"}}},{"from":[4,7.5,8.15],"to":[20,23.3,23.15],"rotation":{"angle":0,"axis":"y","origin":[-4,3,-4]},"faces":{"north":{"uv":[0,0,2.25,2],"texture":"#1"},"east":{"uv":[0,0,2.25,2],"texture":"#1"},"south":{"uv":[0,0,2.25,2],"texture":"#1"},"west":{"uv":[0,0,2.25,2],"texture":"#1"},"up":{"uv":[0,0,2.25,2],"texture":"#1"},"down":{"uv":[0,0,2.25,2],"texture":"#1"}}},{"from":[-12,2,10],"to":[26,32,10],"rotation":{"angle":-45,"axis":"y","origin":[7,17,10]},"faces":{"north":{"uv":[7.75,0.75,12.25,4.75],"texture":"#1"},"east":{"uv":[7.75,0.75,12.25,4.75],"texture":"#1"},"south":{"uv":[7.75,0.75,12.25,4.75],"texture":"#1"},"west":{"uv":[7.75,0.75,12.25,4.75],"texture":"#1"},"up":{"uv":[7.75,0.75,12.25,4.75],"texture":"#1"},"down":{"uv":[7.75,0.75,12.25,4.75],"texture":"#1"}}},{"from":[7,2,-9],"to":[7,32,29],"rotation":{"angle":-22.5,"axis":"y","origin":[7,17,10]},"faces":{"north":{"uv":[7.75,0.75,12.25,4.75],"texture":"#1"},"east":{"uv":[7.75,0.75,12.25,4.75],"texture":"#1"},"south":{"uv":[7.75,0.75,12.25,4.75],"texture":"#1"},"west":{"uv":[7.75,0.75,12.25,4.75],"texture":"#1"},"up":{"uv":[7.75,0.75,12.25,4.75],"rotation":270,"texture":"#1"},"down":{"uv":[7.75,0.75,12.25,4.75],"rotation":90,"texture":"#1"}}},{"from":[-12,2,10],"to":[26,32,10],"rotation":{"angle":0,"axis":"y","origin":[7,17,10]},"faces":{"north":{"uv":[7.75,0.75,12.25,4.75],"texture":"#1"},"east":{"uv":[7.75,0.75,12.25,4.75],"texture":"#1"},"south":{"uv":[7.75,0.75,12.25,4.75],"texture":"#1"},"west":{"uv":[7.75,0.75,12.25,4.75],"texture":"#1"},"up":{"uv":[7.75,0.75,12.25,4.75],"texture":"#1"},"down":{"uv":[7.75,0.75,12.25,4.75],"texture":"#1"}}}],"gui_light":"front","display":{"gui":{"rotation":[17.25,0,7.75],"scale":[0.5,0.5,0.5]},"fixed":{"rotation":[-90,0,0],"translation":[0.75,0,-28.25],"scale":[2,2,2]},"display":{"scale":[0.5,0.5,0.5]},"thirdperson_righthand":{"rotation":[0.0,-180.0,0.0],"translation":[0.0,2.75,0.75],"scale":[0.4,0.4,0.4]},"thirdperson_lefthand":{"rotation":[0.0,0.0,0.0],"translation":[0.0,2.75,0.75],"scale":[0.4,0.4,0.4]},"firstperson_righthand":{"rotation":[0.0,140.0,0.0],"translation":[3.5,2.5,0.0],"scale":[0.4,0.4,0.4]},"firstperson_lefthand":{"rotation":[0.0,-44.0,0.0],"translation":[-1.0,4.25,2.75],"scale":[0.4,0.4,0.4]},"ground":{"translation":[0.0,2.0,0.0],"scale":[0.5,0.5,0.5]}}}