{"credit":"Made with Blockbench","texture_size":[32,32],"textures":{"0":"infinitecrops:item/harvestertools/corn-husker"},"elements":[{"from":[2,6,5],"to":[13,7,10],"rotation":{"angle":0,"axis":"y","origin":[2,6,5]},"faces":{"north":{"uv":[3,7.5,8.5,8],"texture":"#0"},"east":{"uv":[3,8.5,5.5,9],"texture":"#0"},"south":{"uv":[3,8,8.5,8.5],"texture":"#0"},"west":{"uv":[8.5,3,11,3.5],"texture":"#0"},"up":{"uv":[5.5,2.5,0,0],"texture":"#0"},"down":{"uv":[5.5,2.5,0,5],"texture":"#0"}}},{"from":[2,12,5],"to":[3,13,10],"rotation":{"angle":0,"axis":"y","origin":[2,12,5]},"faces":{"north":{"uv":[9.5,5.5,10,6],"texture":"#0"},"east":{"uv":[8.5,3.5,11,4],"texture":"#0"},"south":{"uv":[9.5,6,10,6.5],"texture":"#0"},"west":{"uv":[8.5,4,11,4.5],"texture":"#0"},"up":{"uv":[6,11,5.5,8.5],"texture":"#0"},"down":{"uv":[6.5,8.5,6,11],"texture":"#0"}}},{"from":[2,7,4],"to":[3,12,5],"rotation":{"angle":0,"axis":"y","origin":[2,7,4]},"faces":{"north":{"uv":[6.5,8.5,7,11],"texture":"#0"},"east":{"uv":[7,8.5,7.5,11],"texture":"#0"},"south":{"uv":[7.5,8.5,8,11],"texture":"#0"},"west":{"uv":[8.5,7.5,9,10],"texture":"#0"},"up":{"uv":[10,7,9.5,6.5],"texture":"#0"},"down":{"uv":[10,7,9.5,7.5],"texture":"#0"}}},{"from":[2,7,10],"to":[3,12,11],"rotation":{"angle":0,"axis":"y","origin":[2,7,10]},"faces":{"north":{"uv":[8,8.5,8.5,11],"texture":"#0"},"east":{"uv":[3,9,3.5,11.5],"texture":"#0"},"south":{"uv":[3.5,9,4,11.5],"texture":"#0"},"west":{"uv":[4,9,4.5,11.5],"texture":"#0"},"up":{"uv":[10,8,9.5,7.5],"texture":"#0"},"down":{"uv":[10,8,9.5,8.5],"texture":"#0"}}},{"from":[7,12,5],"to":[13,13,10],"rotation":{"angle":0,"axis":"y","origin":[7,12,5]},"faces":{"north":{"uv":[8.5,0,11.5,0.5],"texture":"#0"},"east":{"uv":[8.5,4.5,11,5],"texture":"#0"},"south":{"uv":[8.5,0.5,11.5,1],"texture":"#0"},"west":{"uv":[9,5,11.5,5.5],"texture":"#0"},"up":{"uv":[3,7.5,0,5],"texture":"#0"},"down":{"uv":[6,5,3,7.5],"texture":"#0"}}},{"from":[7,7,10],"to":[13,12,11],"rotation":{"angle":0,"axis":"y","origin":[7,7,10]},"faces":{"north":{"uv":[5.5,0,8.5,2.5],"texture":"#0"},"east":{"uv":[4.5,9,5,11.5],"texture":"#0"},"south":{"uv":[5.5,2.5,8.5,5],"texture":"#0"},"west":{"uv":[5,9,5.5,11.5],"texture":"#0"},"up":{"uv":[11.5,1.5,8.5,1],"texture":"#0"},"down":{"uv":[11.5,1.5,8.5,2],"texture":"#0"}}},{"from":[7,7,4],"to":[13,12,5],"rotation":{"angle":0,"axis":"y","origin":[7,7,4]},"faces":{"north":{"uv":[6,5,9,7.5],"texture":"#0"},"east":{"uv":[9,5.5,9.5,8],"texture":"#0"},"south":{"uv":[0,7.5,3,10],"texture":"#0"},"west":{"uv":[9,8,9.5,10.5],"texture":"#0"},"up":{"uv":[11.5,2.5,8.5,2],"texture":"#0"},"down":{"uv":[11.5,2.5,8.5,3],"texture":"#0"}}}],"display":{"thirdperson_righthand":{"rotation":[-90,-90,-90],"translation":[-0.25,-3.25,2.75],"scale":[0.45,0.85,0.8]},"thirdperson_lefthand":{"rotation":[90,90,-90],"translation":[0.5,-3.25,2.75],"scale":[0.45,0.85,0.8]},"firstperson_righthand":{"rotation":[90,-90,-90],"translation":[0,0,5],"scale":[0.45,0.85,0.8]},"firstperson_lefthand":{"translation":[21,0,0]},"ground":{"translation":[0,-2.25,0],"scale":[0.5,0.85,0.8]},"gui":{"rotation":[45,-45,0],"translation":[0,-1.25,0]},"head":{"rotation":[-90,90,-90],"translation":[1.5,5.25,5.75],"scale":[2.5,2.5,2.5]},"fixed":{"rotation":[-90,90,0],"translation":[0,0,-2]}}}