{"credit":"Made with Blockbench","texture_size":[32,32],"textures":{"0":"infinitecrops:item/harvestertools/geologist-trowel"},"elements":[{"from":[8,0,0],"to":[9,1,1],"rotation":{"angle":0,"axis":"y","origin":[8,0,0]},"faces":{"north":{"uv":[7,3,7.5,3.5],"texture":"#0"},"east":{"uv":[7,3.5,7.5,4],"texture":"#0"},"south":{"uv":[7,4,7.5,4.5],"texture":"#0"},"west":{"uv":[7,4.5,7.5,5],"texture":"#0"},"up":{"uv":[6,7.5,5.5,7],"texture":"#0"},"down":{"uv":[6.5,7,6,7.5],"texture":"#0"}}},{"from":[7,0,1],"to":[10,1,2],"rotation":{"angle":0,"axis":"y","origin":[7,0,1]},"faces":{"north":{"uv":[6.5,5,8,5.5],"texture":"#0"},"east":{"uv":[6.5,7,7,7.5],"texture":"#0"},"south":{"uv":[5.5,6.5,7,7],"texture":"#0"},"west":{"uv":[7,6.5,7.5,7],"texture":"#0"},"up":{"uv":[8,6,6.5,5.5],"texture":"#0"},"down":{"uv":[8.5,0.5,7,1],"texture":"#0"}}},{"from":[6,0,2],"to":[11,1,3],"rotation":{"angle":0,"axis":"y","origin":[6,0,2]},"faces":{"north":{"uv":[0.5,4,3,4.5],"texture":"#0"},"east":{"uv":[7,7,7.5,7.5],"texture":"#0"},"south":{"uv":[4,1,6.5,1.5],"texture":"#0"},"west":{"uv":[1,7.5,1.5,8],"texture":"#0"},"up":{"uv":[6.5,2,4,1.5],"texture":"#0"},"down":{"uv":[6.5,2,4,2.5],"texture":"#0"}}},{"from":[6,0,3],"to":[11,1,4],"rotation":{"angle":0,"axis":"y","origin":[6,0,3]},"faces":{"north":{"uv":[4,2.5,6.5,3],"texture":"#0"},"east":{"uv":[1.5,7.5,2,8],"texture":"#0"},"south":{"uv":[3,4,5.5,4.5],"texture":"#0"},"west":{"uv":[2,7.5,2.5,8],"texture":"#0"},"up":{"uv":[6.5,3.5,4,3],"texture":"#0"},"down":{"uv":[6.5,3.5,4,4],"texture":"#0"}}},{"from":[5,0,4],"to":[12,1,5],"rotation":{"angle":0,"axis":"y","origin":[5,0,4]},"faces":{"north":{"uv":[0,0,3.5,0.5],"texture":"#0"},"east":{"uv":[7.5,3,8,3.5],"texture":"#0"},"south":{"uv":[0,0.5,3.5,1],"texture":"#0"},"west":{"uv":[7.5,3.5,8,4],"texture":"#0"},"up":{"uv":[3.5,1.5,0,1],"texture":"#0"},"down":{"uv":[3.5,1.5,0,2],"texture":"#0"}}},{"from":[5,0,5],"to":[12,1,6],"rotation":{"angle":0,"axis":"y","origin":[5,0,5]},"faces":{"north":{"uv":[0,2,3.5,2.5],"texture":"#0"},"east":{"uv":[7.5,4,8,4.5],"texture":"#0"},"south":{"uv":[0,2.5,3.5,3],"texture":"#0"},"west":{"uv":[4.5,7.5,5,8],"texture":"#0"},"up":{"uv":[3.5,3.5,0,3],"texture":"#0"},"down":{"uv":[3.5,3.5,0,4],"texture":"#0"}}},{"from":[6,0,6],"to":[11,1,7],"rotation":{"angle":0,"axis":"y","origin":[6,0,6]},"faces":{"north":{"uv":[0.5,4.5,3,5],"texture":"#0"},"east":{"uv":[7.5,4.5,8,5],"texture":"#0"},"south":{"uv":[3,4.5,5.5,5],"texture":"#0"},"west":{"uv":[5,7.5,5.5,8],"texture":"#0"},"up":{"uv":[3,5.5,0.5,5],"texture":"#0"},"down":{"uv":[5.5,5,3,5.5],"texture":"#0"}}},{"from":[7,0,7],"to":[10,1,8],"rotation":{"angle":0,"axis":"y","origin":[7,0,7]},"faces":{"north":{"uv":[1,7,2.5,7.5],"texture":"#0"},"east":{"uv":[5.5,7.5,6,8],"texture":"#0"},"south":{"uv":[7,1,8.5,1.5],"texture":"#0"},"west":{"uv":[6,7.5,6.5,8],"texture":"#0"},"up":{"uv":[8.5,2,7,1.5],"texture":"#0"},"down":{"uv":[8.5,2,7,2.5],"texture":"#0"}}},{"from":[8,1,7],"to":[9,4,8],"rotation":{"angle":0,"axis":"y","origin":[8,1,7]},"faces":{"north":{"uv":[3.5,6.5,4,8],"texture":"#0"},"east":{"uv":[4,6.5,4.5,8],"texture":"#0"},"south":{"uv":[0,7,0.5,8.5],"texture":"#0"},"west":{"uv":[2.5,7,3,8.5],"texture":"#0"},"up":{"uv":[8,6.5,7.5,6],"texture":"#0"},"down":{"uv":[7,7.5,6.5,8],"texture":"#0"}}},{"from":[8,3,8],"to":[9,4,14],"rotation":{"angle":0,"axis":"y","origin":[8,3,8]},"faces":{"north":{"uv":[7.5,6.5,8,7],"texture":"#0"},"east":{"uv":[3.5,0,6.5,0.5],"texture":"#0"},"south":{"uv":[7,7.5,7.5,8],"texture":"#0"},"west":{"uv":[3.5,0.5,6.5,1],"texture":"#0"},"up":{"uv":[4,4,3.5,1],"texture":"#0"},"down":{"uv":[0.5,4,0,7],"texture":"#0"}}},{"from":[8,4,10],"to":[9,5,14],"rotation":{"angle":0,"axis":"y","origin":[8,4,10]},"faces":{"north":{"uv":[7.5,7,8,7.5],"texture":"#0"},"east":{"uv":[0.5,5.5,2.5,6],"texture":"#0"},"south":{"uv":[7.5,7.5,8,8],"texture":"#0"},"west":{"uv":[2.5,5.5,4.5,6],"texture":"#0"},"up":{"uv":[6,6,5.5,4],"texture":"#0"},"down":{"uv":[5,5.5,4.5,7.5],"texture":"#0"}}},{"from":[8,2,10],"to":[9,3,14],"rotation":{"angle":0,"axis":"y","origin":[8,2,10]},"faces":{"north":{"uv":[1,8,1.5,8.5],"texture":"#0"},"east":{"uv":[0.5,6,2.5,6.5],"texture":"#0"},"south":{"uv":[1.5,8,2,8.5],"texture":"#0"},"west":{"uv":[2.5,6,4.5,6.5],"texture":"#0"},"up":{"uv":[5.5,7.5,5,5.5],"texture":"#0"},"down":{"uv":[6.5,4,6,6],"texture":"#0"}}},{"from":[7,3,10],"to":[8,4,14],"rotation":{"angle":0,"axis":"y","origin":[7,3,10]},"faces":{"north":{"uv":[2,8,2.5,8.5],"texture":"#0"},"east":{"uv":[5.5,6,7.5,6.5],"texture":"#0"},"south":{"uv":[8,3,8.5,3.5],"texture":"#0"},"west":{"uv":[6.5,0,8.5,0.5],"texture":"#0"},"up":{"uv":[1,8.5,0.5,6.5],"texture":"#0"},"down":{"uv":[7,0.5,6.5,2.5],"texture":"#0"}}},{"from":[9,3,10],"to":[10,4,14],"rotation":{"angle":0,"axis":"y","origin":[9,3,10]},"faces":{"north":{"uv":[3.5,8,4,8.5],"texture":"#0"},"east":{"uv":[1,6.5,3,7],"texture":"#0"},"south":{"uv":[8,3.5,8.5,4],"texture":"#0"},"west":{"uv":[6.5,2.5,8.5,3],"texture":"#0"},"up":{"uv":[3.5,8.5,3,6.5],"texture":"#0"},"down":{"uv":[7,3,6.5,5],"texture":"#0"}}}],"display":{"thirdperson_righthand":{"rotation":[90,0,0],"translation":[-0.25,2.75,4.5],"scale":[0.7,0.7,0.7]},"thirdperson_lefthand":{"rotation":[90,0,0],"translation":[0.5,2,4.5],"scale":[0.7,0.7,0.7]},"firstperson_righthand":{"rotation":[90,0,0],"translation":[7.5,0,0],"scale":[0.7,0.7,0.9]},"firstperson_lefthand":{"rotation":[90,0,0],"translation":[8.75,0,0],"scale":[0.7,0.7,0.9]},"ground":{"translation":[0,2.75,0],"scale":[0.7,0.7,0.7]},"gui":{"rotation":[90,45,-65],"translation":[4.25,3.75,0]},"head":{"translation":[0,12,1.25],"scale":[0.7,0.7,0.7]},"fixed":{"rotation":[-90,180,0],"translation":[0.25,0,-8]}}}