{"credit":"Made with Blockbench","textures":{"1":"furnituresplus:furnituresplus/white_wool","2":"furnituresplus:furnituresplus/spruce_planks","3":"furnituresplus:furnituresplus/yellowfabric","particle":"furnituresplus:furnituresplus/white_wool"},"elements":[{"from":[3,3,1],"to":[16,9,16],"rotation":{"angle":0,"axis":"y","origin":[16,0,0]},"faces":{"north":{"uv":[13,0,0,6],"texture":"#1"},"east":{"uv":[15,0,0,6],"texture":"#1"},"south":{"uv":[13,0,0,6],"texture":"#1"},"west":{"uv":[15,0,0,6],"texture":"#1"},"up":{"uv":[13,0,0,15],"texture":"#1"},"down":{"uv":[13,0,0,15],"texture":"#1"}}},{"from":[3,2,1],"to":[16,3,16],"rotation":{"angle":0,"axis":"y","origin":[16,0,0]},"faces":{"north":{"uv":[13,0,0,1],"texture":"#2"},"east":{"uv":[15,0,0,1],"texture":"#2"},"south":{"uv":[13,0,0,1],"texture":"#2"},"west":{"uv":[15,0,0,1],"texture":"#2"},"up":{"uv":[13,0,0,15],"texture":"#2"},"down":{"uv":[13,0,0,15],"texture":"#2"}}},{"from":[3,9,1],"to":[16,16,4],"rotation":{"angle":0,"axis":"y","origin":[16,0,0]},"faces":{"north":{"uv":[13,0,0,7],"texture":"#1"},"east":{"uv":[3,0,0,7],"texture":"#1"},"south":{"uv":[13,0,0,7],"texture":"#1"},"west":{"uv":[3,0,0,7],"texture":"#1"},"up":{"uv":[13,0,0,3],"texture":"#1"},"down":{"uv":[13,0,0,3],"texture":"#1"}}},{"from":[0,12,0],"to":[3,13,13],"rotation":{"angle":0,"axis":"y","origin":[16,0,0]},"faces":{"north":{"uv":[3,0,0,1],"texture":"#2"},"east":{"uv":[13,0,0,1],"texture":"#2"},"south":{"uv":[1,2,0,5],"rotation":90,"texture":"#2"},"west":{"uv":[13,0,0,1],"texture":"#2"},"up":{"uv":[13,2,0,5],"rotation":90,"texture":"#2"},"down":{"uv":[3,0,0,13],"texture":"#2"}}},{"from":[0,2,1],"to":[3,3,12],"rotation":{"angle":0,"axis":"y","origin":[16,0,0]},"faces":{"north":{"uv":[3,0,0,1],"texture":"#2"},"east":{"uv":[11,0,0,1],"texture":"#2"},"south":{"uv":[3,0,0,1],"texture":"#2"},"west":{"uv":[11,0,0,1],"texture":"#2"},"up":{"uv":[3,2,0,13],"texture":"#2"},"down":{"uv":[3,0,0,11],"texture":"#2"}}},{"from":[0,0,1],"to":[3,1,12],"rotation":{"angle":0,"axis":"y","origin":[16,0,0]},"faces":{"north":{"uv":[3,0,0,1],"texture":"#2"},"east":{"uv":[11,0,0,1],"texture":"#2"},"south":{"uv":[3,0,0,1],"texture":"#2"},"west":{"uv":[11,0,0,1],"texture":"#2"},"up":{"uv":[3,0,0,11],"texture":"#2"},"down":{"uv":[3,0,0,11],"texture":"#2"}}},{"from":[0.1,4,1],"to":[3,5,12],"rotation":{"angle":0,"axis":"y","origin":[16,0,0]},"faces":{"north":{"uv":[2.9,0,0,1],"texture":"#2"},"east":{"uv":[11,0,0,1],"texture":"#2"},"south":{"uv":[2.9,0,0,1],"texture":"#2"},"west":{"uv":[11,0,0,1],"texture":"#2"},"up":{"uv":[2.9,0,0,11],"texture":"#2"},"down":{"uv":[2.9,0,0,11],"texture":"#2"}}},{"from":[0.1,5,9],"to":[3,12,10],"rotation":{"angle":0,"axis":"x","origin":[16,0,0]},"faces":{"north":{"uv":[2.9,5,0,12],"rotation":180,"texture":"#2"},"east":{"uv":[7,0,0,1],"rotation":270,"texture":"#2"},"south":{"uv":[2.9,0,0,7],"texture":"#2"},"west":{"uv":[7,1,0,2],"rotation":90,"texture":"#2"},"up":{"uv":[2.9,0,0,1],"rotation":180,"texture":"#2"},"down":{"uv":[2.9,0,0,1],"texture":"#2"}}},{"from":[0.1,5,6],"to":[3,12,7],"rotation":{"angle":0,"axis":"x","origin":[16,0,0]},"faces":{"north":{"uv":[2.9,0,0,7],"rotation":180,"texture":"#2"},"east":{"uv":[7,0,0,1],"rotation":270,"texture":"#2"},"south":{"uv":[2.9,0,0,7],"texture":"#2"},"west":{"uv":[7,0,0,1],"rotation":90,"texture":"#2"},"up":{"uv":[2.9,0,0,1],"rotation":180,"texture":"#2"},"down":{"uv":[2.9,0,0,1],"texture":"#2"}}},{"from":[0.1,5,3],"to":[3,12,4],"rotation":{"angle":0,"axis":"x","origin":[16,0,0]},"faces":{"north":{"uv":[2.9,0,0,7],"rotation":180,"texture":"#2"},"east":{"uv":[7,0,0,1],"rotation":270,"texture":"#2"},"south":{"uv":[2.9,0,0,7],"texture":"#2"},"west":{"uv":[8,1,1,2],"rotation":90,"texture":"#2"},"up":{"uv":[2.9,0,0,1],"rotation":180,"texture":"#2"},"down":{"uv":[2.9,0,0,1],"texture":"#2"}}},{"from":[0,0,12],"to":[3,12,13],"rotation":{"angle":0,"axis":"y","origin":[16,0,0]},"faces":{"north":{"uv":[12,2,0,5],"rotation":90,"texture":"#2"},"east":{"uv":[1,0,0,12],"texture":"#2"},"south":{"uv":[12,2,0,5],"rotation":90,"texture":"#2"},"west":{"uv":[12,0,0,1],"rotation":90,"texture":"#2"},"up":{"uv":[3,0,0,1],"texture":"#2"},"down":{"uv":[3,0,0,1],"texture":"#2"}}},{"from":[0,0,0],"to":[3,12,1],"rotation":{"angle":0,"axis":"y","origin":[16,0,0]},"faces":{"north":{"uv":[12,2,0,5],"rotation":90,"texture":"#2"},"east":{"uv":[1,0,0,12],"texture":"#2"},"south":{"uv":[12,2,0,5],"rotation":90,"texture":"#2"},"west":{"uv":[12,0,0,1],"rotation":90,"texture":"#2"},"up":{"uv":[3,0,0,1],"texture":"#2"},"down":{"uv":[3,0,0,1],"texture":"#2"}}},{"from":[3,10,0],"to":[16,13,1],"rotation":{"angle":0,"axis":"y","origin":[16,0,0]},"faces":{"north":{"uv":[13,0,0,3],"texture":"#2"},"east":{"uv":[1,0,0,3],"texture":"#2"},"south":{"uv":[13,0,0,3],"texture":"#2"},"west":{"uv":[1,0,0,3],"texture":"#2"},"up":{"uv":[13,0,0,1],"texture":"#2"},"down":{"uv":[13,0,0,1],"texture":"#2"}}},{"from":[5,3,0],"to":[6,10,1],"rotation":{"angle":0,"axis":"y","origin":[16,0,0]},"faces":{"north":{"uv":[1,1,0,8],"texture":"#2"},"east":{"uv":[1,0,0,7],"texture":"#2"},"south":{"uv":[1,0,0,7],"texture":"#2"},"west":{"uv":[1,0,0,7],"texture":"#2"},"up":{"uv":[1,0,0,1],"texture":"#2"},"down":{"uv":[1,0,0,1],"texture":"#2"}}},{"from":[8,3,0],"to":[9,10,1],"rotation":{"angle":0,"axis":"y","origin":[16,0,0]},"faces":{"north":{"uv":[1,0,0,7],"texture":"#2"},"east":{"uv":[1,0,0,7],"texture":"#2"},"south":{"uv":[1,0,0,7],"texture":"#2"},"west":{"uv":[1,0,0,7],"texture":"#2"},"up":{"uv":[1,0,0,1],"texture":"#2"},"down":{"uv":[1,0,0,1],"texture":"#2"}}},{"from":[11,3,0],"to":[12,10,1],"rotation":{"angle":0,"axis":"y","origin":[16,0,0]},"faces":{"north":{"uv":[1,1,0,8],"texture":"#2"},"east":{"uv":[1,0,0,7],"texture":"#2"},"south":{"uv":[1,0,0,7],"texture":"#2"},"west":{"uv":[1,0,0,7],"texture":"#2"},"up":{"uv":[1,0,0,1],"texture":"#2"},"down":{"uv":[1,0,0,1],"texture":"#2"}}},{"from":[14,3,0],"to":[15,10,1],"rotation":{"angle":0,"axis":"y","origin":[16,0,0]},"faces":{"north":{"uv":[1,0,0,7],"texture":"#2"},"east":{"uv":[1,0,0,7],"texture":"#2"},"south":{"uv":[1,0,0,7],"texture":"#2"},"west":{"uv":[1,0,0,7],"texture":"#2"},"up":{"uv":[1,0,0,1],"texture":"#2"},"down":{"uv":[1,0,0,1],"texture":"#2"}}},{"from":[3,2,0],"to":[16,3,1],"rotation":{"angle":0,"axis":"y","origin":[16,0,0]},"faces":{"north":{"uv":[13,0,0,1],"texture":"#2"},"east":{"uv":[1,0,0,1],"texture":"#2"},"south":{"uv":[13,0,0,1],"texture":"#2"},"west":{"uv":[1,0,0,1],"texture":"#2"},"up":{"uv":[13,0,0,1],"texture":"#2"},"down":{"uv":[13,0,0,1],"texture":"#2"}}},{"from":[4.9,5.6,7.5],"to":[14.1,11.8,11],"rotation":{"angle":-22.5,"axis":"x","origin":[16,0,0]},"faces":{"north":{"uv":[4.6,0,0,3.5],"texture":"#3"},"east":{"uv":[2.1,0,0,3.5],"texture":"#3"},"south":{"uv":[4.6,0,0,3.5],"texture":"#3"},"west":{"uv":[2.1,0,0,3.5],"texture":"#3"},"up":{"uv":[4.6,0,0,3.5],"texture":"#3"},"down":{"uv":[4.6,0,0,3.5],"texture":"#3"}}}],"display":{"thirdperson_righthand":{"rotation":[75,45,0],"translation":[0,2.5,0],"scale":[0.375,0.375,0.375]},"thirdperson_lefthand":{"rotation":[75,45,0],"translation":[0,2.5,0],"scale":[0.375,0.375,0.375]},"firstperson_righthand":{"rotation":[0,45,0],"scale":[0.4,0.4,0.4]},"firstperson_lefthand":{"rotation":[0,45,0],"scale":[0.4,0.4,0.4]},"ground":{"translation":[0,2,0],"scale":[0.5,0.5,0.5]},"gui":{"rotation":[30,45,0],"translation":[0,-0.6,0],"scale":[0.5,0.5,0.5]},"head":{"translation":[0,-30.4,0],"scale":[1.6,1.6,1.6]},"fixed":{"rotation":[-90,180,0],"translation":[0,0,-16],"scale":[2.01,2.01,2.01]}},"mcmodels":"0df1e448b7cae607a72993c979c64e4d"}