{"credit":"Made with Blockbench","texture_size":[32,32],"textures":{"2":"furnituresplus:furnituresplus/spruce_planks","3":"furnituresplus:furnituresplus/yellowfabric","4":"furnituresplus:furnituresplus/birchlamp","particle":"furnituresplus:furnituresplus/birchlamp"},"elements":[{"from":[7,25,7],"to":[9,30,9],"faces":{"north":{"uv":[10,4,11,5],"texture":"#3"},"east":{"uv":[10,4,11,5],"texture":"#3"},"south":{"uv":[10,4,11,5],"texture":"#3"},"west":{"uv":[10,4,11,5],"texture":"#3"},"up":{"uv":[10,4,11,5],"texture":"#3"},"down":{"uv":[10,4,11,5],"texture":"#3"}}},{"from":[7.8,24,4],"to":[8.2,25,12],"faces":{"north":{"uv":[0,0,0.4,1],"texture":"#2"},"east":{"uv":[0,0,8,1],"texture":"#2"},"south":{"uv":[0,0,0.4,1],"texture":"#2"},"west":{"uv":[0,0,8,1],"texture":"#2"},"up":{"uv":[0,0,0.4,8],"texture":"#2"},"down":{"uv":[0,0,0.4,8],"texture":"#2"}}},{"from":[4,24,7.8],"to":[12,25,8.2],"faces":{"north":{"uv":[0,0,8,1],"texture":"#2"},"east":{"uv":[0,0,0.4,1],"texture":"#2"},"south":{"uv":[0,0,8,1],"texture":"#2"},"west":{"uv":[0,0,0.4,1],"texture":"#2"},"up":{"uv":[0,0,0.4,8],"rotation":270,"texture":"#2"},"down":{"uv":[0,0,0.4,8],"rotation":90,"texture":"#2"}}},{"from":[4,24,12],"to":[12,32,13],"faces":{"north":{"uv":[0,0,4,4],"texture":"#4"},"east":{"uv":[0.5,4.5,1,8.5],"texture":"#4"},"south":{"uv":[0,0,4,4],"texture":"#4"},"west":{"uv":[0,4,0.5,8],"texture":"#4"},"up":{"uv":[8.5,0.5,4.5,0],"texture":"#4"},"down":{"uv":[8.5,0.5,4.5,1],"texture":"#4"}}},{"from":[4,24,3],"to":[12,32,4],"rotation":{"angle":0,"axis":"y","origin":[0,0,-9]},"faces":{"north":{"uv":[0,0,4,4],"texture":"#4"},"east":{"uv":[0.5,4.5,1,8.5],"texture":"#4"},"south":{"uv":[0,0,4,4],"texture":"#4"},"west":{"uv":[0,4,0.5,8],"texture":"#4"},"up":{"uv":[8.5,0.5,4.5,0],"texture":"#4"},"down":{"uv":[8.5,0.5,4.5,1],"texture":"#4"}}},{"from":[12,24,4],"to":[13,32,12],"rotation":{"angle":0,"axis":"y","origin":[12.5,28,8]},"faces":{"north":{"uv":[0.5,4.5,1,8.5],"texture":"#4"},"east":{"uv":[0,0,4,4],"texture":"#4"},"south":{"uv":[0,4,0.5,8],"texture":"#4"},"west":{"uv":[0,0,4,4],"texture":"#4"},"up":{"uv":[8.5,0.5,4.5,0],"rotation":270,"texture":"#4"},"down":{"uv":[8.5,0.5,4.5,1],"rotation":90,"texture":"#4"}}},{"from":[3,24,4],"to":[4,32,12],"rotation":{"angle":0,"axis":"y","origin":[3.5,28,8]},"faces":{"north":{"uv":[0.5,9,1,5],"texture":"#4"},"east":{"uv":[0,0,4,4],"texture":"#4"},"south":{"uv":[0,4,0.5,8],"texture":"#4"},"west":{"uv":[0,0,4,4],"texture":"#4"},"up":{"uv":[8.5,0.5,4.5,0],"rotation":270,"texture":"#4"},"down":{"uv":[8.5,0.5,4.5,1],"rotation":90,"texture":"#4"}}},{"from":[6.5,1.7,6.5],"to":[9.5,8.7,9.5],"rotation":{"angle":0,"axis":"y","origin":[-0.2,0,-0.3]},"faces":{"north":{"uv":[8,0,11,7],"texture":"#2"},"east":{"uv":[8,0,11,7],"texture":"#2"},"south":{"uv":[8,0,11,7],"texture":"#2"},"west":{"uv":[8,0,11,7],"texture":"#2"},"up":{"uv":[1,0,1.9,1],"texture":"#2"},"down":{"uv":[0,0,3.6,5.4],"texture":"#2"}}},{"from":[7.5,8.1,7.5],"to":[8.5,20.7,8.5],"rotation":{"angle":0,"axis":"y","origin":[0,-0.2,0]},"faces":{"north":{"uv":[4,0,5,12.6],"texture":"#2"},"east":{"uv":[4,0,5,12.6],"texture":"#2"},"south":{"uv":[4,0,5,12.6],"texture":"#2"},"west":{"uv":[4,0,5,12.6],"texture":"#2"},"up":{"uv":[0,0,1,1],"texture":"#2"},"down":{"uv":[0,0,1,1],"texture":"#2"}}},{"from":[6.5,20.5,6.8],"to":[9.5,25.5,9.8],"rotation":{"angle":0,"axis":"y","origin":[-0.2,-0.2,0]},"faces":{"north":{"uv":[8,1,11,6],"texture":"#2"},"east":{"uv":[8,1,11,6],"texture":"#2"},"south":{"uv":[8,1,11,6],"texture":"#2"},"west":{"uv":[8,1,11,6],"texture":"#2"},"up":{"uv":[4,8,6.6,10.4],"texture":"#2"},"down":{"uv":[4,8,6.6,10.4],"texture":"#2"}}},{"from":[4.5,0,4.5],"to":[11.5,2,11.5],"rotation":{"angle":0,"axis":"y","origin":[0.4,0,-0.3]},"faces":{"north":{"uv":[4,3,10,5],"texture":"#2"},"east":{"uv":[2,0,8,2],"texture":"#2"},"south":{"uv":[3,0,9,2],"texture":"#2"},"west":{"uv":[5,0,11,2],"texture":"#2"},"up":{"uv":[5,6,12,13],"texture":"#2"},"down":{"uv":[5,6,12,13],"texture":"#2"}}}],"display":{"thirdperson_righthand":{"rotation":[55.75,45,0],"translation":[0,0.25,0.5],"scale":[0.26172,0.26172,0.26172]},"thirdperson_lefthand":{"rotation":[75,45,0],"translation":[0,2.5,0],"scale":[0.375,0.375,0.375]},"firstperson_righthand":{"rotation":[0,45,0],"scale":[0.4,0.4,0.4]},"firstperson_lefthand":{"rotation":[0,45,0],"scale":[0.4,0.4,0.4]},"ground":{"translation":[0,2,0],"scale":[0.5,0.5,0.5]},"gui":{"rotation":[30,45,0],"translation":[0,-3.1,0],"scale":[0.4375,0.4375,0.4375]},"head":{"translation":[0,-30.4,0],"scale":[1.6,1.6,1.6]},"fixed":{"rotation":[-90,180,0],"translation":[0,0,-16],"scale":[2,2,2]}},"mcmodels":"0df1e448b7cae607a72993c979c64e4d"}