{"credit":"Made with Blockbench","textures":{"2":"furnituresplus:furnituresplus/oak_planks","3":"furnituresplus:furnituresplus/redfabricmotif"},"elements":[{"from":[7,10,7],"to":[9,15,9],"rotation":{"angle":0,"axis":"y","origin":[0,16,0]},"faces":{"north":{"uv":[10.5,6,11,5],"texture":"#3"},"east":{"uv":[10.5,6,11,5],"texture":"#3"},"south":{"uv":[10.5,6,11,5],"texture":"#3"},"west":{"uv":[10.5,6,11,5],"texture":"#3"},"up":{"uv":[10.5,6,11,5],"texture":"#3"},"down":{"uv":[10.5,6,11,5],"texture":"#3"}}},{"from":[7.8,9,4],"to":[8.2,10,12],"rotation":{"angle":0,"axis":"y","origin":[0,16,0]},"faces":{"north":{"uv":[0,1,0.4,0],"texture":"#2"},"east":{"uv":[0,1,8,0],"texture":"#2"},"south":{"uv":[0,1,0.4,0],"texture":"#2"},"west":{"uv":[0,1,8,0],"texture":"#2"},"up":{"uv":[0,8,0.4,0],"texture":"#2"},"down":{"uv":[0,8,0.4,0],"texture":"#2"}}},{"from":[4,9,7.8],"to":[12,10,8.2],"rotation":{"angle":0,"axis":"y","origin":[0,16,0]},"faces":{"north":{"uv":[0,1,8,0],"texture":"#2"},"east":{"uv":[0,1,0.4,0],"texture":"#2"},"south":{"uv":[0,1,8,0],"texture":"#2"},"west":{"uv":[0,1,0.4,0],"texture":"#2"},"up":{"uv":[0.4,0,0,8],"rotation":90,"texture":"#2"},"down":{"uv":[0.4,0,0,8],"rotation":270,"texture":"#2"}}},{"from":[3,8,4],"to":[4,16,12],"rotation":{"angle":0,"axis":"y","origin":[0,16,0]},"faces":{"north":{"uv":[0,8.5,1,0.5],"texture":"#3"},"east":{"uv":[8,8.5,0,0.5],"texture":"#3"},"south":{"uv":[0,8.5,1,0.5],"texture":"#3"},"west":{"uv":[0,8.5,8,0.5],"texture":"#3"},"up":{"uv":[16,11.2,8,10.2],"rotation":90,"texture":"#3"},"down":{"uv":[0,8,1,0],"texture":"#3"}}},{"from":[12,8,4],"to":[13,16,12],"rotation":{"angle":0,"axis":"y","origin":[9,16,0]},"faces":{"north":{"uv":[0,8.5,1,0.5],"texture":"#3"},"east":{"uv":[8,8.5,0,0.5],"texture":"#3"},"south":{"uv":[0,8.5,1,0.5],"texture":"#3"},"west":{"uv":[0,8.5,8,0.5],"texture":"#3"},"up":{"uv":[16,11.2,8,10.2],"rotation":90,"texture":"#3"},"down":{"uv":[0,8,1,0],"texture":"#3"}}},{"from":[4,8,12],"to":[12,16,13],"rotation":{"angle":0,"axis":"y","origin":[8,12,8]},"faces":{"north":{"uv":[0,8.5,8,0.5],"texture":"#3"},"east":{"uv":[0,8.5,1,0.5],"texture":"#3"},"south":{"uv":[8,8.5,0,0.5],"texture":"#3"},"west":{"uv":[0,8.5,1,0.5],"texture":"#3"},"up":{"uv":[8,10.2,16,11.2],"texture":"#3"},"down":{"uv":[1,0,0,8],"rotation":90,"texture":"#3"}}},{"from":[4,8,3],"to":[12,16,4],"rotation":{"angle":0,"axis":"y","origin":[8,12,8]},"faces":{"north":{"uv":[0,8.5,8,0.5],"texture":"#3"},"east":{"uv":[0,8.5,1,0.5],"texture":"#3"},"south":{"uv":[8,8.5,0,0.5],"texture":"#3"},"west":{"uv":[0,8.5,1,0.5],"texture":"#3"},"up":{"uv":[8,10.2,16,11.2],"texture":"#3"},"down":{"uv":[1,0,0,8],"rotation":90,"texture":"#3"}}},{"from":[5.7,0,5.3],"to":[10.3,6,10.7],"rotation":{"angle":0,"axis":"y","origin":[0,16,0]},"faces":{"north":{"uv":[0,6,4.6,0],"texture":"#2"},"east":{"uv":[0,6,5.4,0],"texture":"#2"},"south":{"uv":[0,6,4.6,0],"texture":"#2"},"west":{"uv":[0,6,5.4,0],"texture":"#2"},"up":{"uv":[0,5.4,4.6,0],"texture":"#2"},"down":{"uv":[0,5.4,4.6,0],"texture":"#2"}}},{"from":[6.7,5.4,6.8],"to":[9.3,9,9.2],"rotation":{"angle":0,"axis":"y","origin":[0,16,0]},"faces":{"north":{"uv":[0,3.6,2.6,0],"texture":"#2"},"east":{"uv":[0,3.6,2.4,0],"texture":"#2"},"south":{"uv":[0,3.6,2.6,0],"texture":"#2"},"west":{"uv":[0,3.6,2.4,0],"texture":"#2"},"up":{"uv":[0,2.4,2.6,0],"texture":"#2"},"down":{"uv":[0,2.4,2.6,0],"texture":"#2"}}}],"display":{"thirdperson_righthand":{"rotation":[55.75,45,0],"translation":[0,0.25,0.5],"scale":[0.26172,0.26172,0.26172]},"thirdperson_lefthand":{"rotation":[75,45,0],"translation":[0,2.5,0],"scale":[0.375,0.375,0.375]},"firstperson_righthand":{"rotation":[0,45,0],"scale":[0.4,0.4,0.4]},"firstperson_lefthand":{"rotation":[0,45,0],"scale":[0.4,0.4,0.4]},"ground":{"translation":[0,2,0],"scale":[0.5,0.5,0.5]},"gui":{"rotation":[30,45,0],"translation":[0,-1.85,0],"scale":[0.54883,0.54883,0.54883]},"head":{"translation":[0,-30.4,0],"scale":[1.6,1.6,1.6]},"fixed":{"rotation":[-90,180,0],"translation":[0,0,-16],"scale":[2,2,2]}},"mcmodels":"0df1e448b7cae607a72993c979c64e4d"}