{"credit":"Made with Blockbench","textures":{"2":"furnituresplus:furnituresplus/oak_planks","3":"furnituresplus:furnituresplus/redfabricmotif"},"elements":[{"from":[7,1,7],"to":[9,6,9],"faces":{"north":{"uv":[10.5,5,11,6],"texture":"#3"},"east":{"uv":[10.5,5,11,6],"texture":"#3"},"south":{"uv":[10.5,5,11,6],"texture":"#3"},"west":{"uv":[10.5,5,11,6],"texture":"#3"},"up":{"uv":[10.5,5,11,6],"texture":"#3"},"down":{"uv":[10.5,5,11,6],"texture":"#3"}}},{"from":[7.8,6,4],"to":[8.2,7,12],"faces":{"north":{"uv":[0,0,0.4,1],"texture":"#2"},"east":{"uv":[0,0,8,1],"texture":"#2"},"south":{"uv":[0,0,0.4,1],"texture":"#2"},"west":{"uv":[0,0,8,1],"texture":"#2"},"up":{"uv":[0,0,0.4,8],"texture":"#2"},"down":{"uv":[0,0,0.4,8],"texture":"#2"}}},{"from":[4,6,7.8],"to":[12,7,8.2],"faces":{"north":{"uv":[0,0,8,1],"texture":"#2"},"east":{"uv":[0,0,0.4,1],"texture":"#2"},"south":{"uv":[0,0,8,1],"texture":"#2"},"west":{"uv":[0,0,0.4,1],"texture":"#2"},"up":{"uv":[0,0,0.4,8],"rotation":270,"texture":"#2"},"down":{"uv":[0,0,0.4,8],"rotation":90,"texture":"#2"}}},{"from":[3,0,4],"to":[4,8,12],"faces":{"north":{"uv":[0,0.5,1,8.5],"texture":"#3"},"east":{"uv":[8,0.5,0,8.5],"texture":"#3"},"south":{"uv":[0,0.5,1,8.5],"texture":"#3"},"west":{"uv":[0,0.5,8,8.5],"texture":"#3"},"up":{"uv":[0,0,1,8],"texture":"#3"},"down":{"uv":[8,11.2,16,10.2],"rotation":90,"texture":"#3"}}},{"from":[12,0,4],"to":[13,8,12],"rotation":{"angle":0,"axis":"y","origin":[9,0,0]},"faces":{"north":{"uv":[0,0.5,1,8.5],"texture":"#3"},"east":{"uv":[8,0.5,0,8.5],"texture":"#3"},"south":{"uv":[0,0.5,1,8.5],"texture":"#3"},"west":{"uv":[0,0.5,8,8.5],"texture":"#3"},"up":{"uv":[0,0,1,8],"texture":"#3"},"down":{"uv":[8,11.2,16,10.2],"rotation":90,"texture":"#3"}}},{"from":[4,0,12],"to":[12,8,13],"rotation":{"angle":0,"axis":"y","origin":[8,4,8]},"faces":{"north":{"uv":[0,0.5,8,8.5],"texture":"#3"},"east":{"uv":[0,0.5,1,8.5],"texture":"#3"},"south":{"uv":[8,0.5,0,8.5],"texture":"#3"},"west":{"uv":[0,0.5,1,8.5],"texture":"#3"},"up":{"uv":[0,0,1,8],"rotation":90,"texture":"#3"},"down":{"uv":[8,11.2,16,10.2],"texture":"#3"}}},{"from":[4,0,3],"to":[12,8,4],"rotation":{"angle":0,"axis":"y","origin":[8,4,8]},"faces":{"north":{"uv":[0,0.5,8,8.5],"texture":"#3"},"east":{"uv":[0,0.5,1,8.5],"texture":"#3"},"south":{"uv":[8,0.5,0,8.5],"texture":"#3"},"west":{"uv":[0,0.5,1,8.5],"texture":"#3"},"up":{"uv":[0,0,1,8],"rotation":90,"texture":"#3"},"down":{"uv":[8,11.2,16,10.2],"texture":"#3"}}},{"from":[5.7,10,5.3],"to":[10.3,16,10.7],"faces":{"north":{"uv":[0,0,4.6,6],"texture":"#2"},"east":{"uv":[0,0,5.4,6],"texture":"#2"},"south":{"uv":[0,0,4.6,6],"texture":"#2"},"west":{"uv":[0,0,5.4,6],"texture":"#2"},"up":{"uv":[0,0,4.6,5.4],"texture":"#2"},"down":{"uv":[0,0,4.6,5.4],"texture":"#2"}}},{"from":[6.7,7,6.8],"to":[9.3,10.6,9.2],"faces":{"north":{"uv":[0,0,2.6,3.6],"texture":"#2"},"east":{"uv":[0,0,2.4,3.6],"texture":"#2"},"south":{"uv":[0,0,2.6,3.6],"texture":"#2"},"west":{"uv":[0,0,2.4,3.6],"texture":"#2"},"up":{"uv":[0,0,2.6,2.4],"texture":"#2"},"down":{"uv":[0,0,2.6,2.4],"texture":"#2"}}}],"display":{"thirdperson_righthand":{"rotation":[55.75,45,0],"translation":[0,0.25,0.5],"scale":[0.26172,0.26172,0.26172]},"thirdperson_lefthand":{"rotation":[75,45,0],"translation":[0,2.5,0],"scale":[0.375,0.375,0.375]},"firstperson_righthand":{"rotation":[0,45,0],"scale":[0.4,0.4,0.4]},"firstperson_lefthand":{"rotation":[0,45,0],"scale":[0.4,0.4,0.4]},"ground":{"translation":[0,2,0],"scale":[0.5,0.5,0.5]},"gui":{"rotation":[30,45,0],"translation":[0,-1.85,0],"scale":[0.54883,0.54883,0.54883]},"head":{"translation":[0,-30.4,0],"scale":[1.6,1.6,1.6]},"fixed":{"rotation":[-90,0,-180],"translation":[0,0,-16],"scale":[2.01,2.01,2.01]}},"mcmodels":"0df1e448b7cae607a72993c979c64e4d"}